{
    "numberOfTags": 4, 
    "localUsernames": [
        "Peter Karakas -> karakas.peter@gmail.com"
    ], 
    "primaryRemoteUrl": "e79e8ecfa4e6a11e0e89dceddf456b58", 
    "commits": [
        {
            "authorEmail": "8348206855e2e23e3832481d65e1c3c4", 
            "isDuplicated": false, 
            "authorName": "22e8173f806cfa407c4a7acef9ebaf03", 
            "parents": [
                "18c7db76267ea025b0254659de96c6282dc71314"
            ], 
            "commitHash": "04a1f3eceb4d17ab563497a8ffc780352154e5f9", 
            "isMerge": false, 
            "changedFiles": [
                {
                    "deletions": 0, 
                    "insertions": 0, 
                    "language": "", 
                    "fileName": "a9e9e89a42dc53b7153eeb623bed100a.zip"
                }, 
                {
                    "deletions": 10, 
                    "insertions": 11, 
                    "language": "Python", 
                    "fileName": "25d902c24283ab8cfbac54dfa101ad31/f5e638cc78dd325906c1298a0c21fb6b/fffca4d67ea0a788813031b8bbc3b329.py"
                }
            ], 
            "createdAt": "2019-08-15 15:25:29"
        }, 
        {
            "authorEmail": "8348206855e2e23e3832481d65e1c3c4", 
            "isDuplicated": true, 
            "authorName": "22e8173f806cfa407c4a7acef9ebaf03", 
            "parents": [
                "4d7ffcefb4e962ed60872d99c52543c713371a54", 
                "c9fe369dc9e09bb836933d073b9e081a1b1bbd2d"
            ], 
            "commitHash": "931a931bfc8a1768030a3cced336d686211a339c", 
            "isMerge": true, 
            "changedFiles": [], 
            "createdAt": "2019-05-24 16:50:28"
        }, 
        {
            "authorEmail": "8348206855e2e23e3832481d65e1c3c4", 
            "isDuplicated": true, 
            "authorName": "22e8173f806cfa407c4a7acef9ebaf03", 
            "parents": [
                "90e2d1b0876cf0ad647c07b2336ec3570aac5b37", 
                "73882dd2763faa3e7318f5e4f2580041dbe75fac"
            ], 
            "commitHash": "515c39734394862f26e8eba0685a74127cc32bbf", 
            "isMerge": true, 
            "changedFiles": [], 
            "createdAt": "2019-08-03 13:06:31"
        }, 
        {
            "authorEmail": "4ef2b8c481e56a179900e5ed6b5ddc47", 
            "isDuplicated": false, 
            "authorName": "487f930e72e729ada1aed75d65f41620", 
            "parents": [
                "a4956d9a43150578319a0f2f54198ca894718ef6"
            ], 
            "commitHash": "1922d762a1b64d7518450a48cac8c952efdd9a2d", 
            "isMerge": false, 
            "changedFiles": [
                {
                    "deletions": 3, 
                    "insertions": 9, 
                    "language": "Python", 
                    "fileName": "25d902c24283ab8cfbac54dfa101ad31/6b888802fb55f288122c3e242fe0041e.py"
                }
            ], 
            "createdAt": "2019-08-23 13:42:15"
        }, 
        {
            "authorEmail": "8348206855e2e23e3832481d65e1c3c4", 
            "isDuplicated": false, 
            "authorName": "22e8173f806cfa407c4a7acef9ebaf03", 
            "parents": [
                "a3f9ff707749bce940ef76d376d412c4b1fb48cd"
            ], 
            "commitHash": "92685c91e3c44787482f6a8747c9c06e324943f1", 
            "isMerge": false, 
            "changedFiles": [
                {
                    "deletions": 1, 
                    "insertions": 0, 
                    "language": "", 
                    "fileName": "c47c7c7383225ab55ff591cb59c41e6b.md"
                }
            ], 
            "createdAt": "2019-08-05 13:23:47"
        }, 
        {
            "authorEmail": "540cea6c923a5bd9ba06d5250ec1168e", 
            "isDuplicated": true, 
            "authorName": "784a00e3c77c04c9a07b1464c41ded27", 
            "parents": [
                "7a427eed823efdf2c47b2bc43ec2a3f0219f6bc3", 
                "92685c91e3c44787482f6a8747c9c06e324943f1"
            ], 
            "commitHash": "46799bba7294e555807f9042024c2abe7fe1cacd", 
            "isMerge": true, 
            "changedFiles": [], 
            "createdAt": "2019-08-05 16:47:00"
        }, 
        {
            "authorEmail": "8348206855e2e23e3832481d65e1c3c4", 
            "isDuplicated": false, 
            "authorName": "22e8173f806cfa407c4a7acef9ebaf03", 
            "parents": [
                "cab35790d453e9f8fa0abbcfe69130cb3190c0ed"
            ], 
            "commitHash": "923d16906347f4a3810ba1da75c9674ab75c335f", 
            "isMerge": false, 
            "changedFiles": [
                {
                    "deletions": 0, 
                    "insertions": 0, 
                    "language": "", 
                    "fileName": "19ad89bc3e3c9d7ef68b89523eff1987.bat"
                }, 
                {
                    "deletions": 2, 
                    "insertions": 2, 
                    "language": "Python", 
                    "fileName": "25d902c24283ab8cfbac54dfa101ad31/6b888802fb55f288122c3e242fe0041e.py"
                }, 
                {
                    "deletions": 0, 
                    "insertions": 3, 
                    "language": "Shell", 
                    "fileName": "a53108f7543b75adbb34afc035d4cdf6.sh"
                }, 
                {
                    "deletions": 0, 
                    "insertions": 27, 
                    "language": "", 
                    "fileName": "b4851e92b19af0c5c82447fc0937709d.txt"
                }, 
                {
                    "deletions": 4, 
                    "insertions": 4, 
                    "language": "Python", 
                    "fileName": "25d902c24283ab8cfbac54dfa101ad31/f5e638cc78dd325906c1298a0c21fb6b/fffca4d67ea0a788813031b8bbc3b329.py"
                }, 
                {
                    "deletions": 0, 
                    "insertions": 3, 
                    "language": "Shell", 
                    "fileName": "19ad89bc3e3c9d7ef68b89523eff1987.sh"
                }, 
                {
                    "deletions": 4, 
                    "insertions": 4, 
                    "language": "Python", 
                    "fileName": "25d902c24283ab8cfbac54dfa101ad31/f5e638cc78dd325906c1298a0c21fb6b/b3f2035551f6e48c67489ace9f588f94.py"
                }, 
                {
                    "deletions": 0, 
                    "insertions": 1, 
                    "language": "", 
                    "fileName": "a53108f7543b75adbb34afc035d4cdf6.bat"
                }, 
                {
                    "deletions": 4, 
                    "insertions": 4, 
                    "language": "Python", 
                    "fileName": "25d902c24283ab8cfbac54dfa101ad31/f5e638cc78dd325906c1298a0c21fb6b/abbafc62ebba43f8e0852bb24102b426.py"
                }
            ], 
            "createdAt": "2019-05-24 15:55:51"
        }, 
        {
            "authorEmail": "8348206855e2e23e3832481d65e1c3c4", 
            "isDuplicated": false, 
            "authorName": "22e8173f806cfa407c4a7acef9ebaf03", 
            "parents": [
                "46799bba7294e555807f9042024c2abe7fe1cacd"
            ], 
            "commitHash": "a5e68e71ad62c36a59e914b7735ea7ad0ee039e2", 
            "isMerge": false, 
            "changedFiles": [
                {
                    "deletions": 0, 
                    "insertions": 0, 
                    "language": "", 
                    "fileName": "a9e9e89a42dc53b7153eeb623bed100a.zip"
                }, 
                {
                    "deletions": 19, 
                    "insertions": 19, 
                    "language": "Python", 
                    "fileName": "25d902c24283ab8cfbac54dfa101ad31/76ee3de97a1b8b903319b7c013d8c877.py"
                }, 
                {
                    "deletions": 27, 
                    "insertions": 27, 
                    "language": "Python", 
                    "fileName": "25d902c24283ab8cfbac54dfa101ad31/7d5c009e4eb8bbc78647caeca308e61b/478669c7fa549970e36eac591cdca62e.py"
                }
            ], 
            "createdAt": "2019-08-08 22:13:33"
        }, 
        {
            "authorEmail": "8348206855e2e23e3832481d65e1c3c4", 
            "isDuplicated": false, 
            "authorName": "22e8173f806cfa407c4a7acef9ebaf03", 
            "parents": [], 
            "commitHash": "2c0275e5a2471c775db73152c9935ce1adc41f00", 
            "isMerge": false, 
            "changedFiles": [
                {
                    "deletions": 0, 
                    "insertions": 1, 
                    "language": "", 
                    "fileName": "d41d8cd98f00b204e9800998ecf8427e.gitignore"
                }, 
                {
                    "deletions": 0, 
                    "insertions": 28, 
                    "language": "Python", 
                    "fileName": "25d902c24283ab8cfbac54dfa101ad31/fad58de7366495db4650cfefac2fcd61.py"
                }
            ], 
            "createdAt": "2019-05-22 11:04:03"
        }, 
        {
            "authorEmail": "8348206855e2e23e3832481d65e1c3c4", 
            "isDuplicated": false, 
            "authorName": "22e8173f806cfa407c4a7acef9ebaf03", 
            "parents": [
                "931a931bfc8a1768030a3cced336d686211a339c"
            ], 
            "commitHash": "88dd16c22519594ffadbc499d13e430150287ee4", 
            "isMerge": false, 
            "changedFiles": [
                {
                    "deletions": 3, 
                    "insertions": 7, 
                    "language": "Python", 
                    "fileName": "25d902c24283ab8cfbac54dfa101ad31/f5e638cc78dd325906c1298a0c21fb6b/fffca4d67ea0a788813031b8bbc3b329.py"
                }, 
                {
                    "deletions": 2, 
                    "insertions": 11, 
                    "language": "Python", 
                    "fileName": "25d902c24283ab8cfbac54dfa101ad31/6b888802fb55f288122c3e242fe0041e.py"
                }, 
                {
                    "deletions": 2, 
                    "insertions": 1, 
                    "language": "Python", 
                    "fileName": "25d902c24283ab8cfbac54dfa101ad31/fad58de7366495db4650cfefac2fcd61.py"
                }
            ], 
            "createdAt": "2019-05-29 09:21:39"
        }, 
        {
            "authorEmail": "8348206855e2e23e3832481d65e1c3c4", 
            "isDuplicated": false, 
            "authorName": "22e8173f806cfa407c4a7acef9ebaf03", 
            "parents": [
                "1ec93e2a3f1aeab055a69c96da9340fbd419ad02"
            ], 
            "commitHash": "458ba9999e327a8d8be65819043a8049964bba17", 
            "isMerge": false, 
            "changedFiles": [
                {
                    "deletions": 0, 
                    "insertions": 2, 
                    "language": "Python", 
                    "fileName": "25d902c24283ab8cfbac54dfa101ad31/cdd9f992d2f35ea666ca71f337276156.py"
                }
            ], 
            "createdAt": "2019-05-31 11:04:28"
        }, 
        {
            "authorEmail": "dc52f0869082ec48137042da880f7065", 
            "isDuplicated": false, 
            "authorName": "5da5978232f32da4fcf66dc4d1c0685b", 
            "parents": [
                "3c47e35d52b95a4a6730c1df3f2f55c8da1a5cf1"
            ], 
            "commitHash": "956275f02080f20e10f5b1b9b8f4437d0ce4ad97", 
            "isMerge": false, 
            "changedFiles": [
                {
                    "deletions": 0, 
                    "insertions": 1, 
                    "language": "", 
                    "fileName": "c47c7c7383225ab55ff591cb59c41e6b.md"
                }
            ], 
            "createdAt": "2019-08-12 15:59:49"
        }, 
        {
            "authorEmail": "8348206855e2e23e3832481d65e1c3c4", 
            "isDuplicated": false, 
            "authorName": "22e8173f806cfa407c4a7acef9ebaf03", 
            "parents": [
                "b586b5d9ee4f56c0c7925b85d8c5307f07bd2bf8"
            ], 
            "commitHash": "90e2d1b0876cf0ad647c07b2336ec3570aac5b37", 
            "isMerge": false, 
            "changedFiles": [
                {
                    "deletions": 1, 
                    "insertions": 14, 
                    "language": "", 
                    "fileName": "c47c7c7383225ab55ff591cb59c41e6b.md"
                }
            ], 
            "createdAt": "2019-08-01 12:54:34"
        }, 
        {
            "authorEmail": "8348206855e2e23e3832481d65e1c3c4", 
            "isDuplicated": false, 
            "authorName": "22e8173f806cfa407c4a7acef9ebaf03", 
            "parents": [
                "c5d4eabd7a9a4f243c98ea17b09b2ad86d9a9622"
            ], 
            "commitHash": "6a45658551f977f9585191b8c0f51a8139a1b166", 
            "isMerge": false, 
            "changedFiles": [
                {
                    "deletions": 3, 
                    "insertions": 1, 
                    "language": "", 
                    "fileName": "b4851e92b19af0c5c82447fc0937709d.txt"
                }
            ], 
            "createdAt": "2019-05-29 18:05:44"
        }, 
        {
            "authorEmail": "8348206855e2e23e3832481d65e1c3c4", 
            "isDuplicated": false, 
            "authorName": "22e8173f806cfa407c4a7acef9ebaf03", 
            "parents": [
                "04a1f3eceb4d17ab563497a8ffc780352154e5f9"
            ], 
            "commitHash": "21027e0ebaf0a7f7f6a86d0a8460ecdc15a71c75", 
            "isMerge": false, 
            "changedFiles": [
                {
                    "deletions": 1, 
                    "insertions": 1, 
                    "language": "", 
                    "fileName": "c47c7c7383225ab55ff591cb59c41e6b.md"
                }
            ], 
            "createdAt": "2019-08-15 15:34:09"
        }, 
        {
            "authorEmail": "4ef2b8c481e56a179900e5ed6b5ddc47", 
            "isDuplicated": false, 
            "authorName": "487f930e72e729ada1aed75d65f41620", 
            "parents": [
                "645615fca285285c392c8005fa94a589ed1c4b73"
            ], 
            "commitHash": "16eccdd0f28e58153f6ecc1b1449155eb7ba976c", 
            "isMerge": false, 
            "changedFiles": [
                {
                    "deletions": 17, 
                    "insertions": 30, 
                    "language": "Python", 
                    "fileName": "25d902c24283ab8cfbac54dfa101ad31/6b888802fb55f288122c3e242fe0041e.py"
                }
            ], 
            "createdAt": "2019-08-22 14:32:37"
        }, 
        {
            "authorEmail": "8348206855e2e23e3832481d65e1c3c4", 
            "isDuplicated": false, 
            "authorName": "22e8173f806cfa407c4a7acef9ebaf03", 
            "parents": [
                "923d16906347f4a3810ba1da75c9674ab75c335f"
            ], 
            "commitHash": "eab7f08e57ac94f70567a5d4f0a7b0639e6ddfb8", 
            "isMerge": false, 
            "changedFiles": [
                {
                    "deletions": 0, 
                    "insertions": 21, 
                    "language": "", 
                    "fileName": "9879d6db96fd29134fc802214163b95a"
                }
            ], 
            "createdAt": "2019-05-24 16:09:14"
        }, 
        {
            "authorEmail": "d459bd9c50f866a2c9cedb85b7db0b16", 
            "isDuplicated": false, 
            "authorName": "b6f454eb33c2c64b35eff736c0162538", 
            "parents": [
                "bd23dd68988f60467a13c49695b24fcd3dfd18b8"
            ], 
            "commitHash": "36329e1effe14fe7f73db5a732eeb9e7d3b2599e", 
            "isMerge": false, 
            "changedFiles": [
                {
                    "deletions": 4, 
                    "insertions": 4, 
                    "language": "Python", 
                    "fileName": "25d902c24283ab8cfbac54dfa101ad31/f5e638cc78dd325906c1298a0c21fb6b/b3f2035551f6e48c67489ace9f588f94.py"
                }
            ], 
            "createdAt": "2019-06-05 09:16:26"
        }, 
        {
            "authorEmail": "8348206855e2e23e3832481d65e1c3c4", 
            "isDuplicated": false, 
            "authorName": "22e8173f806cfa407c4a7acef9ebaf03", 
            "parents": [
                "2c0275e5a2471c775db73152c9935ce1adc41f00"
            ], 
            "commitHash": "5c3cf57d65671074a0a39afa13872ecc47d0c14a", 
            "isMerge": false, 
            "changedFiles": [
                {
                    "deletions": 17, 
                    "insertions": 38, 
                    "language": "Python", 
                    "fileName": "25d902c24283ab8cfbac54dfa101ad31/fad58de7366495db4650cfefac2fcd61.py"
                }, 
                {
                    "deletions": 0, 
                    "insertions": 25, 
                    "language": "Python", 
                    "fileName": "25d902c24283ab8cfbac54dfa101ad31/f5e638cc78dd325906c1298a0c21fb6b/b3f2035551f6e48c67489ace9f588f94.py"
                }, 
                {
                    "deletions": 0, 
                    "insertions": 69, 
                    "language": "Python", 
                    "fileName": "25d902c24283ab8cfbac54dfa101ad31/f5e638cc78dd325906c1298a0c21fb6b/fffca4d67ea0a788813031b8bbc3b329.py"
                }, 
                {
                    "deletions": 1, 
                    "insertions": 2, 
                    "language": "", 
                    "fileName": "d41d8cd98f00b204e9800998ecf8427e.gitignore"
                }, 
                {
                    "deletions": 0, 
                    "insertions": 0, 
                    "language": "Python", 
                    "fileName": "25d902c24283ab8cfbac54dfa101ad31/f5e638cc78dd325906c1298a0c21fb6b/2eacefd9a69c9d858e68ad3e94691bf9.py"
                }, 
                {
                    "deletions": 0, 
                    "insertions": 0, 
                    "language": "Python", 
                    "fileName": "25d902c24283ab8cfbac54dfa101ad31/2d91a8fedc4c2b4540f6c436d35e7d53.py"
                }, 
                {
                    "deletions": 0, 
                    "insertions": 14, 
                    "language": "Python", 
                    "fileName": "25d902c24283ab8cfbac54dfa101ad31/f5e638cc78dd325906c1298a0c21fb6b/abbafc62ebba43f8e0852bb24102b426.py"
                }
            ], 
            "createdAt": "2019-05-22 17:34:33"
        }, 
        {
            "authorEmail": "1c33a788da11bf572500120fee7d17a6", 
            "isDuplicated": false, 
            "authorName": "fafd82fd213a4f496eca6f926e872f87", 
            "parents": [
                "45348173c5c8ffc002ec48c6183da8c54de125f0"
            ], 
            "commitHash": "fa31940964e31c2d1aa3cdfd302539e02f70f511", 
            "isMerge": false, 
            "changedFiles": [
                {
                    "deletions": 0, 
                    "insertions": 2, 
                    "language": "", 
                    "fileName": "a53108f7543b75adbb34afc035d4cdf6.bat"
                }
            ], 
            "createdAt": "2019-07-06 18:01:50"
        }, 
        {
            "authorEmail": "ef1a0f00d57917768acdc5b379ca1b28", 
            "isDuplicated": false, 
            "authorName": "f37b5fb97555c09389c90abaa81fea4e", 
            "parents": [
                "b9edbf3e9154d05f66ad76a3a61368b7a331c95d"
            ], 
            "commitHash": "3b4f7918e6687fad55574bca8e30e9dbb0df256b", 
            "isMerge": false, 
            "changedFiles": [
                {
                    "deletions": 3, 
                    "insertions": 1, 
                    "language": "Python", 
                    "fileName": "25d902c24283ab8cfbac54dfa101ad31/f5e638cc78dd325906c1298a0c21fb6b/fffca4d67ea0a788813031b8bbc3b329.py"
                }
            ], 
            "createdAt": "2019-07-06 11:18:05"
        }, 
        {
            "authorEmail": "8348206855e2e23e3832481d65e1c3c4", 
            "isDuplicated": false, 
            "authorName": "22e8173f806cfa407c4a7acef9ebaf03", 
            "parents": [
                "458ba9999e327a8d8be65819043a8049964bba17"
            ], 
            "commitHash": "a2d32f2123e90fa9c800d847d3e3eb4c164ed352", 
            "isMerge": false, 
            "changedFiles": [
                {
                    "deletions": 3, 
                    "insertions": 1, 
                    "language": "Python", 
                    "fileName": "25d902c24283ab8cfbac54dfa101ad31/6b888802fb55f288122c3e242fe0041e.py"
                }, 
                {
                    "deletions": 1, 
                    "insertions": 0, 
                    "language": "", 
                    "fileName": "a53108f7543b75adbb34afc035d4cdf6.bat"
                }, 
                {
                    "deletions": 0, 
                    "insertions": 1, 
                    "language": "", 
                    "fileName": "19ad89bc3e3c9d7ef68b89523eff1987.bat"
                }, 
                {
                    "deletions": 3, 
                    "insertions": 3, 
                    "language": "Python", 
                    "fileName": "25d902c24283ab8cfbac54dfa101ad31/fad58de7366495db4650cfefac2fcd61.py"
                }, 
                {
                    "deletions": 1, 
                    "insertions": 1, 
                    "language": "Python", 
                    "fileName": "25d902c24283ab8cfbac54dfa101ad31/7d5c009e4eb8bbc78647caeca308e61b/478669c7fa549970e36eac591cdca62e.py"
                }
            ], 
            "createdAt": "2019-05-31 16:20:16"
        }, 
        {
            "authorEmail": "8348206855e2e23e3832481d65e1c3c4", 
            "isDuplicated": true, 
            "authorName": "22e8173f806cfa407c4a7acef9ebaf03", 
            "parents": [
                "0ed0248d11e635bd7a6ca6df5deec7a67a0e3d13", 
                "4a76be80c509ae559373ea9342d586b23fd391c9"
            ], 
            "commitHash": "86f22b8fda7707dce149d7be54f5fdb8e5c42cc8", 
            "isMerge": true, 
            "changedFiles": [], 
            "createdAt": "2019-07-03 23:30:02"
        }, 
        {
            "authorEmail": "8348206855e2e23e3832481d65e1c3c4", 
            "isDuplicated": false, 
            "authorName": "22e8173f806cfa407c4a7acef9ebaf03", 
            "parents": [
                "ddd88cb7903b4147cd4aaf2e66b7f758132ca430"
            ], 
            "commitHash": "120b3e7ba7664af7606a82c837f1f24edaadd47d", 
            "isMerge": false, 
            "changedFiles": [
                {
                    "deletions": 0, 
                    "insertions": 10, 
                    "language": "Python", 
                    "fileName": "25d902c24283ab8cfbac54dfa101ad31/cdd9f992d2f35ea666ca71f337276156.py"
                }, 
                {
                    "deletions": 3, 
                    "insertions": 5, 
                    "language": "Python", 
                    "fileName": "25d902c24283ab8cfbac54dfa101ad31/fad58de7366495db4650cfefac2fcd61.py"
                }
            ], 
            "createdAt": "2019-05-24 09:41:20"
        }, 
        {
            "authorEmail": "810cf5065e96bde212b050c3c12b61de", 
            "isDuplicated": false, 
            "authorName": "660a7ff6914fcfa8907160cb2f4493be", 
            "parents": [
                "6f990ef8f652f0e78e4647a967475662fd32abcb"
            ], 
            "commitHash": "18c7db76267ea025b0254659de96c6282dc71314", 
            "isMerge": false, 
            "changedFiles": [
                {
                    "deletions": 0, 
                    "insertions": 2, 
                    "language": "Python", 
                    "fileName": "25d902c24283ab8cfbac54dfa101ad31/f5e638cc78dd325906c1298a0c21fb6b/fffca4d67ea0a788813031b8bbc3b329.py"
                }
            ], 
            "createdAt": "2019-08-15 15:19:39"
        }, 
        {
            "authorEmail": "8348206855e2e23e3832481d65e1c3c4", 
            "isDuplicated": false, 
            "authorName": "22e8173f806cfa407c4a7acef9ebaf03", 
            "parents": [
                "645615fca285285c392c8005fa94a589ed1c4b73"
            ], 
            "commitHash": "49c9d161b2be4750c19c68bd16691b80862816cc", 
            "isMerge": false, 
            "changedFiles": [
                {
                    "deletions": 0, 
                    "insertions": 0, 
                    "language": "", 
                    "fileName": "a9e9e89a42dc53b7153eeb623bed100a.zip"
                }, 
                {
                    "deletions": 1, 
                    "insertions": 0, 
                    "language": "Python", 
                    "fileName": "25d902c24283ab8cfbac54dfa101ad31/cdd9f992d2f35ea666ca71f337276156.py"
                }, 
                {
                    "deletions": 3, 
                    "insertions": 2, 
                    "language": "Python", 
                    "fileName": "25d902c24283ab8cfbac54dfa101ad31/76ee3de97a1b8b903319b7c013d8c877.py"
                }, 
                {
                    "deletions": 3, 
                    "insertions": 3, 
                    "language": "Python", 
                    "fileName": "25d902c24283ab8cfbac54dfa101ad31/7d5c009e4eb8bbc78647caeca308e61b/478669c7fa549970e36eac591cdca62e.py"
                }
            ], 
            "createdAt": "2019-08-22 16:35:25"
        }, 
        {
            "authorEmail": "8348206855e2e23e3832481d65e1c3c4", 
            "isDuplicated": false, 
            "authorName": "22e8173f806cfa407c4a7acef9ebaf03", 
            "parents": [
                "2a10f9bd69983ceeff703a53d88ade993456151f"
            ], 
            "commitHash": "2d7c38a5885f15faac91fae1858aa4bebde9a7e0", 
            "isMerge": false, 
            "changedFiles": [
                {
                    "deletions": 2, 
                    "insertions": 14, 
                    "language": "Python", 
                    "fileName": "25d902c24283ab8cfbac54dfa101ad31/f5e638cc78dd325906c1298a0c21fb6b/fffca4d67ea0a788813031b8bbc3b329.py"
                }, 
                {
                    "deletions": 4, 
                    "insertions": 9, 
                    "language": "Python", 
                    "fileName": "25d902c24283ab8cfbac54dfa101ad31/f5e638cc78dd325906c1298a0c21fb6b/abbafc62ebba43f8e0852bb24102b426.py"
                }, 
                {
                    "deletions": 0, 
                    "insertions": 12, 
                    "language": "Python", 
                    "fileName": "25d902c24283ab8cfbac54dfa101ad31/f5e638cc78dd325906c1298a0c21fb6b/b3f2035551f6e48c67489ace9f588f94.py"
                }
            ], 
            "createdAt": "2019-05-24 12:00:04"
        }, 
        {
            "authorEmail": "8348206855e2e23e3832481d65e1c3c4", 
            "isDuplicated": false, 
            "authorName": "22e8173f806cfa407c4a7acef9ebaf03", 
            "parents": [
                "212db729f047e956190d783b6ef772bbb5df74b9"
            ], 
            "commitHash": "1ec93e2a3f1aeab055a69c96da9340fbd419ad02", 
            "isMerge": false, 
            "changedFiles": [
                {
                    "deletions": 1, 
                    "insertions": 8, 
                    "language": "Python", 
                    "fileName": "25d902c24283ab8cfbac54dfa101ad31/cdd9f992d2f35ea666ca71f337276156.py"
                }
            ], 
            "createdAt": "2019-05-31 11:03:18"
        }, 
        {
            "authorEmail": "8348206855e2e23e3832481d65e1c3c4", 
            "isDuplicated": true, 
            "authorName": "22e8173f806cfa407c4a7acef9ebaf03", 
            "parents": [
                "2e5e2bc9642803373e06cf25537ec569a49fcc1d", 
                "3b4f7918e6687fad55574bca8e30e9dbb0df256b"
            ], 
            "commitHash": "1bf82a5ec8ed5f5f152733b51ad075d3ffb3d30d", 
            "isMerge": true, 
            "changedFiles": [], 
            "createdAt": "2019-07-11 12:43:40"
        }, 
        {
            "authorEmail": "c800710342bd3f29a12cffa2e30b71ba", 
            "isDuplicated": false, 
            "authorName": "9fd9719e71bdff629586bd41315f3b12", 
            "parents": [
                "0ed0248d11e635bd7a6ca6df5deec7a67a0e3d13"
            ], 
            "commitHash": "4a76be80c509ae559373ea9342d586b23fd391c9", 
            "isMerge": false, 
            "changedFiles": [
                {
                    "deletions": 23, 
                    "insertions": 27, 
                    "language": "Python", 
                    "fileName": "25d902c24283ab8cfbac54dfa101ad31/fad58de7366495db4650cfefac2fcd61.py"
                }
            ], 
            "createdAt": "2019-07-01 23:19:27"
        }, 
        {
            "authorEmail": "4ef2b8c481e56a179900e5ed6b5ddc47", 
            "isDuplicated": false, 
            "authorName": "487f930e72e729ada1aed75d65f41620", 
            "parents": [
                "1922d762a1b64d7518450a48cac8c952efdd9a2d"
            ], 
            "commitHash": "0bc5ab236d8320a2ce78a0811e4a54b023977652", 
            "isMerge": false, 
            "changedFiles": [
                {
                    "deletions": 4, 
                    "insertions": 4, 
                    "language": "Python", 
                    "fileName": "25d902c24283ab8cfbac54dfa101ad31/6b888802fb55f288122c3e242fe0041e.py"
                }
            ], 
            "createdAt": "2019-08-23 14:26:32"
        }, 
        {
            "authorEmail": "373ffeff04c386969edac0edc2cf2628", 
            "isDuplicated": false, 
            "authorName": "fa20e926ccd1e69da76a9bb5caeb826b", 
            "parents": [
                "180474eb25f854ca066834240fddbb032d38bdf5"
            ], 
            "commitHash": "e13448a4e1ee09f56b027a2f3b31925643360954", 
            "isMerge": false, 
            "changedFiles": [
                {
                    "deletions": 0, 
                    "insertions": 2, 
                    "language": "Python", 
                    "fileName": "25d902c24283ab8cfbac54dfa101ad31/f5e638cc78dd325906c1298a0c21fb6b/fffca4d67ea0a788813031b8bbc3b329.py"
                }
            ], 
            "createdAt": "2019-07-08 14:20:22"
        }, 
        {
            "authorEmail": "8348206855e2e23e3832481d65e1c3c4", 
            "isDuplicated": false, 
            "authorName": "22e8173f806cfa407c4a7acef9ebaf03", 
            "parents": [
                "de519ccebbcc2f42e9885d2415a7cc59ba26858e"
            ], 
            "commitHash": "e657821144a7059372fda825ac7869637e5a6335", 
            "isMerge": false, 
            "changedFiles": [
                {
                    "deletions": 0, 
                    "insertions": 31, 
                    "language": "Python", 
                    "fileName": "25d902c24283ab8cfbac54dfa101ad31/7d5c009e4eb8bbc78647caeca308e61b/3c709b10a5d47ba33d85337dd9110917.py"
                }, 
                {
                    "deletions": 6, 
                    "insertions": 26, 
                    "language": "Python", 
                    "fileName": "25d902c24283ab8cfbac54dfa101ad31/6b888802fb55f288122c3e242fe0041e.py"
                }, 
                {
                    "deletions": 1, 
                    "insertions": 2, 
                    "language": "Python", 
                    "fileName": "25d902c24283ab8cfbac54dfa101ad31/fad58de7366495db4650cfefac2fcd61.py"
                }
            ], 
            "createdAt": "2019-05-29 17:20:39"
        }, 
        {
            "authorEmail": "8348206855e2e23e3832481d65e1c3c4", 
            "isDuplicated": true, 
            "authorName": "22e8173f806cfa407c4a7acef9ebaf03", 
            "parents": [
                "1bf82a5ec8ed5f5f152733b51ad075d3ffb3d30d", 
                "fa31940964e31c2d1aa3cdfd302539e02f70f511"
            ], 
            "commitHash": "b586b5d9ee4f56c0c7925b85d8c5307f07bd2bf8", 
            "isMerge": true, 
            "changedFiles": [], 
            "createdAt": "2019-07-11 12:46:02"
        }, 
        {
            "authorEmail": "540cea6c923a5bd9ba06d5250ec1168e", 
            "isDuplicated": false, 
            "authorName": "784a00e3c77c04c9a07b1464c41ded27", 
            "parents": [
                "387c9c604160ba64f59f881336ee1e32a82500d7"
            ], 
            "commitHash": "e06152e89f124947718273fc9372e9fec32398af", 
            "isMerge": false, 
            "changedFiles": [
                {
                    "deletions": 1, 
                    "insertions": 1, 
                    "language": "Python", 
                    "fileName": "25d902c24283ab8cfbac54dfa101ad31/76ee3de97a1b8b903319b7c013d8c877.py"
                }
            ], 
            "createdAt": "2019-08-05 16:04:22"
        }, 
        {
            "authorEmail": "8348206855e2e23e3832481d65e1c3c4", 
            "isDuplicated": false, 
            "authorName": "22e8173f806cfa407c4a7acef9ebaf03", 
            "parents": [
                "ae39279ce8002967269328e1d956b9806b043cd9"
            ], 
            "commitHash": "cab35790d453e9f8fa0abbcfe69130cb3190c0ed", 
            "isMerge": false, 
            "changedFiles": [
                {
                    "deletions": 3, 
                    "insertions": 7, 
                    "language": "Python", 
                    "fileName": "25d902c24283ab8cfbac54dfa101ad31/fad58de7366495db4650cfefac2fcd61.py"
                }, 
                {
                    "deletions": 1, 
                    "insertions": 1, 
                    "language": "Python", 
                    "fileName": "25d902c24283ab8cfbac54dfa101ad31/6b888802fb55f288122c3e242fe0041e.py"
                }, 
                {
                    "deletions": 0, 
                    "insertions": 39, 
                    "language": "Python", 
                    "fileName": "25d902c24283ab8cfbac54dfa101ad31/7d5c009e4eb8bbc78647caeca308e61b/478669c7fa549970e36eac591cdca62e.py"
                }, 
                {
                    "deletions": 0, 
                    "insertions": 2, 
                    "language": "Python", 
                    "fileName": "25d902c24283ab8cfbac54dfa101ad31/f5e638cc78dd325906c1298a0c21fb6b/fffca4d67ea0a788813031b8bbc3b329.py"
                }, 
                {
                    "deletions": 2, 
                    "insertions": 9, 
                    "language": "Python", 
                    "fileName": "25d902c24283ab8cfbac54dfa101ad31/f5e638cc78dd325906c1298a0c21fb6b/b3f2035551f6e48c67489ace9f588f94.py"
                }, 
                {
                    "deletions": 21, 
                    "insertions": 0, 
                    "language": "Python", 
                    "fileName": "25d902c24283ab8cfbac54dfa101ad31/7d5c009e4eb8bbc78647caeca308e61b/c7415302766d102b47dac9146abf1276.py"
                }
            ], 
            "createdAt": "2019-05-24 14:43:02"
        }, 
        {
            "authorEmail": "c8cc9aae4d6551afe46b107815bfb69b", 
            "isDuplicated": false, 
            "authorName": "6eadf57f4ee42dc8f2c3d6597d93bf3c", 
            "parents": [
                "3c8c646ce5cca77088856ac3d0bfad6ae65c9f3b"
            ], 
            "commitHash": "bd23dd68988f60467a13c49695b24fcd3dfd18b8", 
            "isMerge": false, 
            "changedFiles": [
                {
                    "deletions": 3, 
                    "insertions": 18, 
                    "language": "", 
                    "fileName": "c47c7c7383225ab55ff591cb59c41e6b.md"
                }
            ], 
            "createdAt": "2019-06-04 14:53:32"
        }, 
        {
            "authorEmail": "4ef2b8c481e56a179900e5ed6b5ddc47", 
            "isDuplicated": false, 
            "authorName": "487f930e72e729ada1aed75d65f41620", 
            "parents": [
                "16eccdd0f28e58153f6ecc1b1449155eb7ba976c"
            ], 
            "commitHash": "a4956d9a43150578319a0f2f54198ca894718ef6", 
            "isMerge": false, 
            "changedFiles": [
                {
                    "deletions": 30, 
                    "insertions": 19, 
                    "language": "Python", 
                    "fileName": "25d902c24283ab8cfbac54dfa101ad31/6b888802fb55f288122c3e242fe0041e.py"
                }
            ], 
            "createdAt": "2019-08-23 13:39:44"
        }, 
        {
            "authorEmail": "8348206855e2e23e3832481d65e1c3c4", 
            "isDuplicated": false, 
            "authorName": "22e8173f806cfa407c4a7acef9ebaf03", 
            "parents": [
                "e657821144a7059372fda825ac7869637e5a6335"
            ], 
            "commitHash": "c5d4eabd7a9a4f243c98ea17b09b2ad86d9a9622", 
            "isMerge": false, 
            "changedFiles": [
                {
                    "deletions": 4, 
                    "insertions": 34, 
                    "language": "Python", 
                    "fileName": "25d902c24283ab8cfbac54dfa101ad31/f5e638cc78dd325906c1298a0c21fb6b/fffca4d67ea0a788813031b8bbc3b329.py"
                }
            ], 
            "createdAt": "2019-05-29 17:38:46"
        }, 
        {
            "authorEmail": "8348206855e2e23e3832481d65e1c3c4", 
            "isDuplicated": false, 
            "authorName": "22e8173f806cfa407c4a7acef9ebaf03", 
            "parents": [
                "956275f02080f20e10f5b1b9b8f4437d0ce4ad97"
            ], 
            "commitHash": "6f990ef8f652f0e78e4647a967475662fd32abcb", 
            "isMerge": false, 
            "changedFiles": [
                {
                    "deletions": 2, 
                    "insertions": 2, 
                    "language": "", 
                    "fileName": "c47c7c7383225ab55ff591cb59c41e6b.md"
                }
            ], 
            "createdAt": "2019-08-12 16:04:49"
        }, 
        {
            "authorEmail": "8348206855e2e23e3832481d65e1c3c4", 
            "isDuplicated": false, 
            "authorName": "22e8173f806cfa407c4a7acef9ebaf03", 
            "parents": [
                "eab7f08e57ac94f70567a5d4f0a7b0639e6ddfb8"
            ], 
            "commitHash": "c9fe369dc9e09bb836933d073b9e081a1b1bbd2d", 
            "isMerge": false, 
            "changedFiles": [
                {
                    "deletions": 0, 
                    "insertions": 20, 
                    "language": "", 
                    "fileName": "c47c7c7383225ab55ff591cb59c41e6b.md"
                }
            ], 
            "createdAt": "2019-05-24 16:15:34"
        }, 
        {
            "authorEmail": "8348206855e2e23e3832481d65e1c3c4", 
            "isDuplicated": false, 
            "authorName": "22e8173f806cfa407c4a7acef9ebaf03", 
            "parents": [
                "6a45658551f977f9585191b8c0f51a8139a1b166"
            ], 
            "commitHash": "212db729f047e956190d783b6ef772bbb5df74b9", 
            "isMerge": false, 
            "changedFiles": [
                {
                    "deletions": 0, 
                    "insertions": 0, 
                    "language": "Python", 
                    "fileName": "25d902c24283ab8cfbac54dfa101ad31/2d91a8fedc4c2b4540f6c436d35e7d53.py"
                }
            ], 
            "createdAt": "2019-05-30 13:16:27"
        }, 
        {
            "authorEmail": "8348206855e2e23e3832481d65e1c3c4", 
            "isDuplicated": false, 
            "authorName": "22e8173f806cfa407c4a7acef9ebaf03", 
            "parents": [
                "aaddbda4ff8f8bb33057a9780eae94b5589f180e"
            ], 
            "commitHash": "22fdfdef1b00c6636acbd5570c670eab0313830a", 
            "isMerge": false, 
            "changedFiles": [
                {
                    "deletions": 2, 
                    "insertions": 1, 
                    "language": "Python", 
                    "fileName": "25d902c24283ab8cfbac54dfa101ad31/f5e638cc78dd325906c1298a0c21fb6b/abbafc62ebba43f8e0852bb24102b426.py"
                }
            ], 
            "createdAt": "2019-05-23 16:30:53"
        }, 
        {
            "authorEmail": "8348206855e2e23e3832481d65e1c3c4", 
            "isDuplicated": false, 
            "authorName": "22e8173f806cfa407c4a7acef9ebaf03", 
            "parents": [
                "a2d32f2123e90fa9c800d847d3e3eb4c164ed352"
            ], 
            "commitHash": "d52bb71b9c87ae2ae7f85338f39908b2fcb763cb", 
            "isMerge": false, 
            "changedFiles": [
                {
                    "deletions": 1, 
                    "insertions": 1, 
                    "language": "Python", 
                    "fileName": "25d902c24283ab8cfbac54dfa101ad31/f5e638cc78dd325906c1298a0c21fb6b/fffca4d67ea0a788813031b8bbc3b329.py"
                }
            ], 
            "createdAt": "2019-05-31 23:08:25"
        }, 
        {
            "authorEmail": "8348206855e2e23e3832481d65e1c3c4", 
            "isDuplicated": false, 
            "authorName": "22e8173f806cfa407c4a7acef9ebaf03", 
            "parents": [
                "a5e68e71ad62c36a59e914b7735ea7ad0ee039e2"
            ], 
            "commitHash": "3c47e35d52b95a4a6730c1df3f2f55c8da1a5cf1", 
            "isMerge": false, 
            "changedFiles": [
                {
                    "deletions": 0, 
                    "insertions": 0, 
                    "language": "", 
                    "fileName": "a9e9e89a42dc53b7153eeb623bed100a.zip"
                }, 
                {
                    "deletions": 1, 
                    "insertions": 1, 
                    "language": "Python", 
                    "fileName": "25d902c24283ab8cfbac54dfa101ad31/7d5c009e4eb8bbc78647caeca308e61b/478669c7fa549970e36eac591cdca62e.py"
                }
            ], 
            "createdAt": "2019-08-08 22:31:17"
        }, 
        {
            "authorEmail": "540cea6c923a5bd9ba06d5250ec1168e", 
            "isDuplicated": false, 
            "authorName": "784a00e3c77c04c9a07b1464c41ded27", 
            "parents": [
                "e06152e89f124947718273fc9372e9fec32398af"
            ], 
            "commitHash": "e9924843a58b7707aabf3b58f7645483b8edac51", 
            "isMerge": false, 
            "changedFiles": [
                {
                    "deletions": 1, 
                    "insertions": 1, 
                    "language": "Python", 
                    "fileName": "25d902c24283ab8cfbac54dfa101ad31/cdd9f992d2f35ea666ca71f337276156.py"
                }
            ], 
            "createdAt": "2019-08-05 16:10:17"
        }, 
        {
            "authorEmail": "8348206855e2e23e3832481d65e1c3c4", 
            "isDuplicated": true, 
            "authorName": "22e8173f806cfa407c4a7acef9ebaf03", 
            "parents": [
                "bd23dd68988f60467a13c49695b24fcd3dfd18b8", 
                "36329e1effe14fe7f73db5a732eeb9e7d3b2599e"
            ], 
            "commitHash": "0ed0248d11e635bd7a6ca6df5deec7a67a0e3d13", 
            "isMerge": true, 
            "changedFiles": [], 
            "createdAt": "2019-06-05 09:22:23"
        }, 
        {
            "authorEmail": "8348206855e2e23e3832481d65e1c3c4", 
            "isDuplicated": false, 
            "authorName": "22e8173f806cfa407c4a7acef9ebaf03", 
            "parents": [
                "120b3e7ba7664af7606a82c837f1f24edaadd47d"
            ], 
            "commitHash": "c23cf4b9effa05d3951bcf9e1d9e67abac6f888c", 
            "isMerge": false, 
            "changedFiles": [
                {
                    "deletions": 0, 
                    "insertions": 39, 
                    "language": "Python", 
                    "fileName": "25d902c24283ab8cfbac54dfa101ad31/6b888802fb55f288122c3e242fe0041e.py"
                }
            ], 
            "createdAt": "2019-05-24 10:29:54"
        }, 
        {
            "authorEmail": "8348206855e2e23e3832481d65e1c3c4", 
            "isDuplicated": false, 
            "authorName": "22e8173f806cfa407c4a7acef9ebaf03", 
            "parents": [
                "d52bb71b9c87ae2ae7f85338f39908b2fcb763cb"
            ], 
            "commitHash": "3c8c646ce5cca77088856ac3d0bfad6ae65c9f3b", 
            "isMerge": false, 
            "changedFiles": [
                {
                    "deletions": 1, 
                    "insertions": 2, 
                    "language": "Python", 
                    "fileName": "25d902c24283ab8cfbac54dfa101ad31/fad58de7366495db4650cfefac2fcd61.py"
                }, 
                {
                    "deletions": 2, 
                    "insertions": 3, 
                    "language": "Python", 
                    "fileName": "25d902c24283ab8cfbac54dfa101ad31/6b888802fb55f288122c3e242fe0041e.py"
                }, 
                {
                    "deletions": 2, 
                    "insertions": 1, 
                    "language": "Python", 
                    "fileName": "25d902c24283ab8cfbac54dfa101ad31/cdd9f992d2f35ea666ca71f337276156.py"
                }, 
                {
                    "deletions": 23, 
                    "insertions": 1, 
                    "language": "", 
                    "fileName": "b4851e92b19af0c5c82447fc0937709d.txt"
                }, 
                {
                    "deletions": 8, 
                    "insertions": 10, 
                    "language": "Python", 
                    "fileName": "25d902c24283ab8cfbac54dfa101ad31/f5e638cc78dd325906c1298a0c21fb6b/fffca4d67ea0a788813031b8bbc3b329.py"
                }, 
                {
                    "deletions": 2, 
                    "insertions": 4, 
                    "language": "Python", 
                    "fileName": "25d902c24283ab8cfbac54dfa101ad31/f5e638cc78dd325906c1298a0c21fb6b/abbafc62ebba43f8e0852bb24102b426.py"
                }
            ], 
            "createdAt": "2019-06-04 14:04:28"
        }, 
        {
            "authorEmail": "540cea6c923a5bd9ba06d5250ec1168e", 
            "isDuplicated": false, 
            "authorName": "784a00e3c77c04c9a07b1464c41ded27", 
            "parents": [
                "7a427eed823efdf2c47b2bc43ec2a3f0219f6bc3"
            ], 
            "commitHash": "84a2327eab1f416d9bdc5f915e4e542acf1cf6ed", 
            "isMerge": false, 
            "changedFiles": [
                {
                    "deletions": 1, 
                    "insertions": 1, 
                    "language": "Python", 
                    "fileName": "25d902c24283ab8cfbac54dfa101ad31/cdd9f992d2f35ea666ca71f337276156.py"
                }
            ], 
            "createdAt": "2019-08-02 13:43:58"
        }, 
        {
            "authorEmail": "540cea6c923a5bd9ba06d5250ec1168e", 
            "isDuplicated": false, 
            "authorName": "784a00e3c77c04c9a07b1464c41ded27", 
            "parents": [
                "ff2e550831554d4349aa31d8d71ad9b7d319a9e9"
            ], 
            "commitHash": "387c9c604160ba64f59f881336ee1e32a82500d7", 
            "isMerge": false, 
            "changedFiles": [
                {
                    "deletions": 3, 
                    "insertions": 1, 
                    "language": "Python", 
                    "fileName": "25d902c24283ab8cfbac54dfa101ad31/cdd9f992d2f35ea666ca71f337276156.py"
                }
            ], 
            "createdAt": "2019-08-05 13:35:16"
        }, 
        {
            "authorEmail": "baa76789b75d54d1b858ebf1240ff4c1", 
            "isDuplicated": false, 
            "authorName": "b47d0f22cdc98f4bb154a7a262abd4e8", 
            "parents": [
                "49c9d161b2be4750c19c68bd16691b80862816cc"
            ], 
            "commitHash": "28d79196eca3eca72235a7e13775fa6b3fbe7f70", 
            "isMerge": false, 
            "changedFiles": [
                {
                    "deletions": 12, 
                    "insertions": 20, 
                    "language": "Python", 
                    "fileName": "25d902c24283ab8cfbac54dfa101ad31/6b888802fb55f288122c3e242fe0041e.py"
                }
            ], 
            "createdAt": "2019-08-29 09:52:44"
        }, 
        {
            "authorEmail": "108666a4681bdb062d549de20076830d", 
            "isDuplicated": false, 
            "authorName": "505171b07cf72f3f555d912e49dd17dd", 
            "parents": [
                "90e2d1b0876cf0ad647c07b2336ec3570aac5b37"
            ], 
            "commitHash": "73882dd2763faa3e7318f5e4f2580041dbe75fac", 
            "isMerge": false, 
            "changedFiles": [
                {
                    "deletions": 7, 
                    "insertions": 7, 
                    "language": "", 
                    "fileName": "c47c7c7383225ab55ff591cb59c41e6b.md"
                }
            ], 
            "createdAt": "2019-08-02 22:10:38"
        }, 
        {
            "authorEmail": "8348206855e2e23e3832481d65e1c3c4", 
            "isDuplicated": false, 
            "authorName": "22e8173f806cfa407c4a7acef9ebaf03", 
            "parents": [
                "22fdfdef1b00c6636acbd5570c670eab0313830a"
            ], 
            "commitHash": "ddd88cb7903b4147cd4aaf2e66b7f758132ca430", 
            "isMerge": false, 
            "changedFiles": [
                {
                    "deletions": 1, 
                    "insertions": 3, 
                    "language": "Python", 
                    "fileName": "25d902c24283ab8cfbac54dfa101ad31/f5e638cc78dd325906c1298a0c21fb6b/fffca4d67ea0a788813031b8bbc3b329.py"
                }, 
                {
                    "deletions": 0, 
                    "insertions": 12, 
                    "language": "Python", 
                    "fileName": "25d902c24283ab8cfbac54dfa101ad31/fad58de7366495db4650cfefac2fcd61.py"
                }
            ], 
            "createdAt": "2019-05-23 16:49:34"
        }, 
        {
            "authorEmail": "8348206855e2e23e3832481d65e1c3c4", 
            "isDuplicated": false, 
            "authorName": "22e8173f806cfa407c4a7acef9ebaf03", 
            "parents": [
                "edb6edd25518653e6ee999b4e3a47219d861791a"
            ], 
            "commitHash": "aaddbda4ff8f8bb33057a9780eae94b5589f180e", 
            "isMerge": false, 
            "changedFiles": [
                {
                    "deletions": 0, 
                    "insertions": 34, 
                    "language": "Python", 
                    "fileName": "25d902c24283ab8cfbac54dfa101ad31/f5e638cc78dd325906c1298a0c21fb6b/abbafc62ebba43f8e0852bb24102b426.py"
                }, 
                {
                    "deletions": 4, 
                    "insertions": 5, 
                    "language": "Python", 
                    "fileName": "25d902c24283ab8cfbac54dfa101ad31/fad58de7366495db4650cfefac2fcd61.py"
                }
            ], 
            "createdAt": "2019-05-23 16:30:21"
        }, 
        {
            "authorEmail": "8348206855e2e23e3832481d65e1c3c4", 
            "isDuplicated": false, 
            "authorName": "22e8173f806cfa407c4a7acef9ebaf03", 
            "parents": [
                "86f22b8fda7707dce149d7be54f5fdb8e5c42cc8"
            ], 
            "commitHash": "45348173c5c8ffc002ec48c6183da8c54de125f0", 
            "isMerge": false, 
            "changedFiles": [
                {
                    "deletions": 6, 
                    "insertions": 8, 
                    "language": "Python", 
                    "fileName": "25d902c24283ab8cfbac54dfa101ad31/f5e638cc78dd325906c1298a0c21fb6b/fffca4d67ea0a788813031b8bbc3b329.py"
                }, 
                {
                    "deletions": 3, 
                    "insertions": 9, 
                    "language": "Python", 
                    "fileName": "25d902c24283ab8cfbac54dfa101ad31/f5e638cc78dd325906c1298a0c21fb6b/b3f2035551f6e48c67489ace9f588f94.py"
                }
            ], 
            "createdAt": "2019-07-04 22:18:06"
        }, 
        {
            "authorEmail": "540cea6c923a5bd9ba06d5250ec1168e", 
            "isDuplicated": false, 
            "authorName": "784a00e3c77c04c9a07b1464c41ded27", 
            "parents": [
                "84a2327eab1f416d9bdc5f915e4e542acf1cf6ed"
            ], 
            "commitHash": "e8cabb3ee2efca19ce578982de36ef021c28b35e", 
            "isMerge": false, 
            "changedFiles": [
                {
                    "deletions": 1, 
                    "insertions": 1, 
                    "language": "Python", 
                    "fileName": "25d902c24283ab8cfbac54dfa101ad31/cdd9f992d2f35ea666ca71f337276156.py"
                }
            ], 
            "createdAt": "2019-08-02 14:08:48"
        }, 
        {
            "authorEmail": "8348206855e2e23e3832481d65e1c3c4", 
            "isDuplicated": false, 
            "authorName": "22e8173f806cfa407c4a7acef9ebaf03", 
            "parents": [
                "c23cf4b9effa05d3951bcf9e1d9e67abac6f888c"
            ], 
            "commitHash": "2a10f9bd69983ceeff703a53d88ade993456151f", 
            "isMerge": false, 
            "changedFiles": [
                {
                    "deletions": 3, 
                    "insertions": 7, 
                    "language": "Python", 
                    "fileName": "25d902c24283ab8cfbac54dfa101ad31/6b888802fb55f288122c3e242fe0041e.py"
                }, 
                {
                    "deletions": 1, 
                    "insertions": 1, 
                    "language": "Python", 
                    "fileName": "25d902c24283ab8cfbac54dfa101ad31/f5e638cc78dd325906c1298a0c21fb6b/fffca4d67ea0a788813031b8bbc3b329.py"
                }, 
                {
                    "deletions": 5, 
                    "insertions": 23, 
                    "language": "Python", 
                    "fileName": "25d902c24283ab8cfbac54dfa101ad31/f5e638cc78dd325906c1298a0c21fb6b/b3f2035551f6e48c67489ace9f588f94.py"
                }, 
                {
                    "deletions": 48, 
                    "insertions": 5, 
                    "language": "Python", 
                    "fileName": "25d902c24283ab8cfbac54dfa101ad31/fad58de7366495db4650cfefac2fcd61.py"
                }
            ], 
            "createdAt": "2019-05-24 11:02:03"
        }, 
        {
            "authorEmail": "8348206855e2e23e3832481d65e1c3c4", 
            "isDuplicated": false, 
            "authorName": "22e8173f806cfa407c4a7acef9ebaf03", 
            "parents": [
                "2d7c38a5885f15faac91fae1858aa4bebde9a7e0"
            ], 
            "commitHash": "ae39279ce8002967269328e1d956b9806b043cd9", 
            "isMerge": false, 
            "changedFiles": [
                {
                    "deletions": 6, 
                    "insertions": 11, 
                    "language": "Python", 
                    "fileName": "25d902c24283ab8cfbac54dfa101ad31/f5e638cc78dd325906c1298a0c21fb6b/b3f2035551f6e48c67489ace9f588f94.py"
                }, 
                {
                    "deletions": 0, 
                    "insertions": 8, 
                    "language": "Python", 
                    "fileName": "25d902c24283ab8cfbac54dfa101ad31/fad58de7366495db4650cfefac2fcd61.py"
                }, 
                {
                    "deletions": 0, 
                    "insertions": 21, 
                    "language": "Python", 
                    "fileName": "25d902c24283ab8cfbac54dfa101ad31/7d5c009e4eb8bbc78647caeca308e61b/c7415302766d102b47dac9146abf1276.py"
                }, 
                {
                    "deletions": 0, 
                    "insertions": 0, 
                    "language": "Python", 
                    "fileName": "25d902c24283ab8cfbac54dfa101ad31/7d5c009e4eb8bbc78647caeca308e61b/2eacefd9a69c9d858e68ad3e94691bf9.py"
                }
            ], 
            "createdAt": "2019-05-24 13:44:21"
        }, 
        {
            "authorEmail": "8348206855e2e23e3832481d65e1c3c4", 
            "isDuplicated": false, 
            "authorName": "22e8173f806cfa407c4a7acef9ebaf03", 
            "parents": [
                "88dd16c22519594ffadbc499d13e430150287ee4"
            ], 
            "commitHash": "de519ccebbcc2f42e9885d2415a7cc59ba26858e", 
            "isMerge": false, 
            "changedFiles": [
                {
                    "deletions": 2, 
                    "insertions": 0, 
                    "language": "Python", 
                    "fileName": "25d902c24283ab8cfbac54dfa101ad31/f5e638cc78dd325906c1298a0c21fb6b/fffca4d67ea0a788813031b8bbc3b329.py"
                }, 
                {
                    "deletions": 9, 
                    "insertions": 27, 
                    "language": "Python", 
                    "fileName": "25d902c24283ab8cfbac54dfa101ad31/6b888802fb55f288122c3e242fe0041e.py"
                }
            ], 
            "createdAt": "2019-05-29 16:21:00"
        }, 
        {
            "authorEmail": "8348206855e2e23e3832481d65e1c3c4", 
            "isDuplicated": false, 
            "authorName": "22e8173f806cfa407c4a7acef9ebaf03", 
            "parents": [
                "21027e0ebaf0a7f7f6a86d0a8460ecdc15a71c75"
            ], 
            "commitHash": "645615fca285285c392c8005fa94a589ed1c4b73", 
            "isMerge": false, 
            "changedFiles": [
                {
                    "deletions": 5, 
                    "insertions": 0, 
                    "language": "", 
                    "fileName": "c47c7c7383225ab55ff591cb59c41e6b.md"
                }
            ], 
            "createdAt": "2019-08-15 15:58:03"
        }, 
        {
            "authorEmail": "ef1a0f00d57917768acdc5b379ca1b28", 
            "isDuplicated": false, 
            "authorName": "f37b5fb97555c09389c90abaa81fea4e", 
            "parents": [
                "45348173c5c8ffc002ec48c6183da8c54de125f0"
            ], 
            "commitHash": "b9edbf3e9154d05f66ad76a3a61368b7a331c95d", 
            "isMerge": false, 
            "changedFiles": [
                {
                    "deletions": 1, 
                    "insertions": 5, 
                    "language": "Python", 
                    "fileName": "25d902c24283ab8cfbac54dfa101ad31/f5e638cc78dd325906c1298a0c21fb6b/fffca4d67ea0a788813031b8bbc3b329.py"
                }
            ], 
            "createdAt": "2019-07-05 10:32:34"
        }, 
        {
            "authorEmail": "8348206855e2e23e3832481d65e1c3c4", 
            "isDuplicated": false, 
            "authorName": "22e8173f806cfa407c4a7acef9ebaf03", 
            "parents": [
                "5c3cf57d65671074a0a39afa13872ecc47d0c14a"
            ], 
            "commitHash": "edb6edd25518653e6ee999b4e3a47219d861791a", 
            "isMerge": false, 
            "changedFiles": [
                {
                    "deletions": 2, 
                    "insertions": 3, 
                    "language": "Python", 
                    "fileName": "25d902c24283ab8cfbac54dfa101ad31/fad58de7366495db4650cfefac2fcd61.py"
                }
            ], 
            "createdAt": "2019-05-22 17:43:43"
        }, 
        {
            "authorEmail": "540cea6c923a5bd9ba06d5250ec1168e", 
            "isDuplicated": false, 
            "authorName": "784a00e3c77c04c9a07b1464c41ded27", 
            "parents": [
                "b586b5d9ee4f56c0c7925b85d8c5307f07bd2bf8"
            ], 
            "commitHash": "7a427eed823efdf2c47b2bc43ec2a3f0219f6bc3", 
            "isMerge": false, 
            "changedFiles": [
                {
                    "deletions": 0, 
                    "insertions": 2, 
                    "language": "Python", 
                    "fileName": "25d902c24283ab8cfbac54dfa101ad31/fad58de7366495db4650cfefac2fcd61.py"
                }, 
                {
                    "deletions": 1, 
                    "insertions": 34, 
                    "language": "Python", 
                    "fileName": "25d902c24283ab8cfbac54dfa101ad31/7d5c009e4eb8bbc78647caeca308e61b/478669c7fa549970e36eac591cdca62e.py"
                }, 
                {
                    "deletions": 0, 
                    "insertions": 0, 
                    "language": "", 
                    "fileName": "a9e9e89a42dc53b7153eeb623bed100a.zip"
                }, 
                {
                    "deletions": 1, 
                    "insertions": 3, 
                    "language": "", 
                    "fileName": "b4851e92b19af0c5c82447fc0937709d.txt"
                }, 
                {
                    "deletions": 2, 
                    "insertions": 21, 
                    "language": "Python", 
                    "fileName": "25d902c24283ab8cfbac54dfa101ad31/cdd9f992d2f35ea666ca71f337276156.py"
                }, 
                {
                    "deletions": 0, 
                    "insertions": 29, 
                    "language": "Python", 
                    "fileName": "25d902c24283ab8cfbac54dfa101ad31/76ee3de97a1b8b903319b7c013d8c877.py"
                }
            ], 
            "createdAt": "2019-07-28 19:32:46"
        }, 
        {
            "authorEmail": "540cea6c923a5bd9ba06d5250ec1168e", 
            "isDuplicated": false, 
            "authorName": "784a00e3c77c04c9a07b1464c41ded27", 
            "parents": [
                "e9924843a58b7707aabf3b58f7645483b8edac51"
            ], 
            "commitHash": "c7531e7e0250354d1dc58f7b2e31592e15ed080d", 
            "isMerge": false, 
            "changedFiles": [
                {
                    "deletions": 1, 
                    "insertions": 1, 
                    "language": "Python", 
                    "fileName": "25d902c24283ab8cfbac54dfa101ad31/cdd9f992d2f35ea666ca71f337276156.py"
                }
            ], 
            "createdAt": "2019-08-05 16:37:37"
        }, 
        {
            "authorEmail": "373ffeff04c386969edac0edc2cf2628", 
            "isDuplicated": false, 
            "authorName": "fa20e926ccd1e69da76a9bb5caeb826b", 
            "parents": [
                "45348173c5c8ffc002ec48c6183da8c54de125f0"
            ], 
            "commitHash": "180474eb25f854ca066834240fddbb032d38bdf5", 
            "isMerge": false, 
            "changedFiles": [
                {
                    "deletions": 0, 
                    "insertions": 2, 
                    "language": "Python", 
                    "fileName": "25d902c24283ab8cfbac54dfa101ad31/f5e638cc78dd325906c1298a0c21fb6b/fffca4d67ea0a788813031b8bbc3b329.py"
                }
            ], 
            "createdAt": "2019-07-08 13:56:53"
        }, 
        {
            "authorEmail": "8348206855e2e23e3832481d65e1c3c4", 
            "isDuplicated": true, 
            "authorName": "22e8173f806cfa407c4a7acef9ebaf03", 
            "parents": [
                "45348173c5c8ffc002ec48c6183da8c54de125f0", 
                "e13448a4e1ee09f56b027a2f3b31925643360954"
            ], 
            "commitHash": "2e5e2bc9642803373e06cf25537ec569a49fcc1d", 
            "isMerge": true, 
            "changedFiles": [], 
            "createdAt": "2019-07-11 12:42:31"
        }, 
        {
            "authorEmail": "540cea6c923a5bd9ba06d5250ec1168e", 
            "isDuplicated": false, 
            "authorName": "784a00e3c77c04c9a07b1464c41ded27", 
            "parents": [
                "0ba5b58f663cced307ac51be2dfa82f24b851daf"
            ], 
            "commitHash": "ff2e550831554d4349aa31d8d71ad9b7d319a9e9", 
            "isMerge": false, 
            "changedFiles": [
                {
                    "deletions": 1, 
                    "insertions": 1, 
                    "language": "Python", 
                    "fileName": "25d902c24283ab8cfbac54dfa101ad31/cdd9f992d2f35ea666ca71f337276156.py"
                }
            ], 
            "createdAt": "2019-08-05 12:57:01"
        }, 
        {
            "authorEmail": "540cea6c923a5bd9ba06d5250ec1168e", 
            "isDuplicated": false, 
            "authorName": "784a00e3c77c04c9a07b1464c41ded27", 
            "parents": [
                "e8cabb3ee2efca19ce578982de36ef021c28b35e"
            ], 
            "commitHash": "0ba5b58f663cced307ac51be2dfa82f24b851daf", 
            "isMerge": false, 
            "changedFiles": [
                {
                    "deletions": 2, 
                    "insertions": 2, 
                    "language": "Python", 
                    "fileName": "25d902c24283ab8cfbac54dfa101ad31/cdd9f992d2f35ea666ca71f337276156.py"
                }
            ], 
            "createdAt": "2019-08-04 13:41:16"
        }, 
        {
            "authorEmail": "8348206855e2e23e3832481d65e1c3c4", 
            "isDuplicated": false, 
            "authorName": "22e8173f806cfa407c4a7acef9ebaf03", 
            "parents": [
                "eab7f08e57ac94f70567a5d4f0a7b0639e6ddfb8"
            ], 
            "commitHash": "4d7ffcefb4e962ed60872d99c52543c713371a54", 
            "isMerge": false, 
            "changedFiles": [
                {
                    "deletions": 1, 
                    "insertions": 1, 
                    "language": "Python", 
                    "fileName": "25d902c24283ab8cfbac54dfa101ad31/6b888802fb55f288122c3e242fe0041e.py"
                }
            ], 
            "createdAt": "2019-05-24 16:49:37"
        }, 
        {
            "authorEmail": "470b43443ad146dd8324730e75fa4ee5", 
            "isDuplicated": false, 
            "authorName": "f68d1a67db5d5b82f95b2fac89cb20c3", 
            "parents": [
                "515c39734394862f26e8eba0685a74127cc32bbf"
            ], 
            "commitHash": "a3f9ff707749bce940ef76d376d412c4b1fb48cd", 
            "isMerge": false, 
            "changedFiles": [
                {
                    "deletions": 0, 
                    "insertions": 2, 
                    "language": "Python", 
                    "fileName": "25d902c24283ab8cfbac54dfa101ad31/fad58de7366495db4650cfefac2fcd61.py"
                }, 
                {
                    "deletions": 1, 
                    "insertions": 34, 
                    "language": "Python", 
                    "fileName": "25d902c24283ab8cfbac54dfa101ad31/7d5c009e4eb8bbc78647caeca308e61b/478669c7fa549970e36eac591cdca62e.py"
                }, 
                {
                    "deletions": 0, 
                    "insertions": 0, 
                    "language": "", 
                    "fileName": "a9e9e89a42dc53b7153eeb623bed100a.zip"
                }, 
                {
                    "deletions": 1, 
                    "insertions": 3, 
                    "language": "", 
                    "fileName": "b4851e92b19af0c5c82447fc0937709d.txt"
                }, 
                {
                    "deletions": 2, 
                    "insertions": 19, 
                    "language": "Python", 
                    "fileName": "25d902c24283ab8cfbac54dfa101ad31/cdd9f992d2f35ea666ca71f337276156.py"
                }, 
                {
                    "deletions": 0, 
                    "insertions": 29, 
                    "language": "Python", 
                    "fileName": "25d902c24283ab8cfbac54dfa101ad31/76ee3de97a1b8b903319b7c013d8c877.py"
                }
            ], 
            "createdAt": "2019-08-05 13:22:54"
        }
    ], 
    "remotes": {
        "origin": "e79e8ecfa4e6a11e0e89dceddf456b58"
    }, 
    "repoName": "repo_info_extractor", 
    "numberOfBranches": 5
}