{
    "repoName": "repo_info_extractor",
    "localUsernames": [
        "Peter Karakas -> karakas.peter@gmail.com"
    ],
    "remotes": {
        "origin": "e79e8ecfa4e6a11e0e89dceddf456b58"
    },
    "primaryRemoteUrl": "e79e8ecfa4e6a11e0e89dceddf456b58",
    "numberOfBranches": 4,
    "numberOfTags": 4,
    "commits": [
        {
            "authorName": "784a00e3c77c04c9a07b1464c41ded27",
            "authorEmail": "540cea6c923a5bd9ba06d5250ec1168e",
            "createdAt": "2019-08-05 16:37:37",
            "commitHash": "c7531e7e0250354d1dc58f7b2e31592e15ed080d",
            "isMerge": false,
            "parents": [
                "e9924843a58b7707aabf3b58f7645483b8edac51"
            ],
            "changedFiles": [
                {
                    "fileName": "25d902c24283ab8cfbac54dfa101ad31/cdd9f992d2f35ea666ca71f337276156.py",
                    "language": "Python",
                    "insertions": 1,
                    "deletions": 1
                }
            ],
            "isDuplicated": false
        },
        {
            "authorName": "784a00e3c77c04c9a07b1464c41ded27",
            "authorEmail": "540cea6c923a5bd9ba06d5250ec1168e",
            "createdAt": "2019-08-05 16:10:17",
            "commitHash": "e9924843a58b7707aabf3b58f7645483b8edac51",
            "isMerge": false,
            "parents": [
                "e06152e89f124947718273fc9372e9fec32398af"
            ],
            "changedFiles": [
                {
                    "fileName": "25d902c24283ab8cfbac54dfa101ad31/cdd9f992d2f35ea666ca71f337276156.py",
                    "language": "Python",
                    "insertions": 1,
                    "deletions": 1
                }
            ],
            "isDuplicated": false
        },
        {
            "authorName": "784a00e3c77c04c9a07b1464c41ded27",
            "authorEmail": "540cea6c923a5bd9ba06d5250ec1168e",
            "createdAt": "2019-08-05 16:04:22",
            "commitHash": "e06152e89f124947718273fc9372e9fec32398af",
            "isMerge": false,
            "parents": [
                "387c9c604160ba64f59f881336ee1e32a82500d7"
            ],
            "changedFiles": [
                {
                    "fileName": "25d902c24283ab8cfbac54dfa101ad31/76ee3de97a1b8b903319b7c013d8c877.py",
                    "language": "Python",
                    "insertions": 1,
                    "deletions": 1
                }
            ],
            "isDuplicated": false
        },
        {
            "authorName": "784a00e3c77c04c9a07b1464c41ded27",
            "authorEmail": "540cea6c923a5bd9ba06d5250ec1168e",
            "createdAt": "2019-08-05 13:35:16",
            "commitHash": "387c9c604160ba64f59f881336ee1e32a82500d7",
            "isMerge": false,
            "parents": [
                "ff2e550831554d4349aa31d8d71ad9b7d319a9e9"
            ],
            "changedFiles": [
                {
                    "fileName": "25d902c24283ab8cfbac54dfa101ad31/cdd9f992d2f35ea666ca71f337276156.py",
                    "language": "Python",
                    "insertions": 1,
                    "deletions": 3
                }
            ],
            "isDuplicated": false
        },
        {
            "authorName": "784a00e3c77c04c9a07b1464c41ded27",
            "authorEmail": "540cea6c923a5bd9ba06d5250ec1168e",
            "createdAt": "2019-08-05 12:57:01",
            "commitHash": "ff2e550831554d4349aa31d8d71ad9b7d319a9e9",
            "isMerge": false,
            "parents": [
                "0ba5b58f663cced307ac51be2dfa82f24b851daf"
            ],
            "changedFiles": [
                {
                    "fileName": "25d902c24283ab8cfbac54dfa101ad31/cdd9f992d2f35ea666ca71f337276156.py",
                    "language": "Python",
                    "insertions": 1,
                    "deletions": 1
                }
            ],
            "isDuplicated": false
        },
        {
            "authorName": "784a00e3c77c04c9a07b1464c41ded27",
            "authorEmail": "540cea6c923a5bd9ba06d5250ec1168e",
            "createdAt": "2019-08-04 13:41:16",
            "commitHash": "0ba5b58f663cced307ac51be2dfa82f24b851daf",
            "isMerge": false,
            "parents": [
                "e8cabb3ee2efca19ce578982de36ef021c28b35e"
            ],
            "changedFiles": [
                {
                    "fileName": "25d902c24283ab8cfbac54dfa101ad31/cdd9f992d2f35ea666ca71f337276156.py",
                    "language": "Python",
                    "insertions": 2,
                    "deletions": 2
                }
            ],
            "isDuplicated": false
        },
        {
            "authorName": "784a00e3c77c04c9a07b1464c41ded27",
            "authorEmail": "540cea6c923a5bd9ba06d5250ec1168e",
            "createdAt": "2019-08-02 14:08:48",
            "commitHash": "e8cabb3ee2efca19ce578982de36ef021c28b35e",
            "isMerge": false,
            "parents": [
                "84a2327eab1f416d9bdc5f915e4e542acf1cf6ed"
            ],
            "changedFiles": [
                {
                    "fileName": "25d902c24283ab8cfbac54dfa101ad31/cdd9f992d2f35ea666ca71f337276156.py",
                    "language": "Python",
                    "insertions": 1,
                    "deletions": 1
                }
            ],
            "isDuplicated": false
        },
        {
            "authorName": "784a00e3c77c04c9a07b1464c41ded27",
            "authorEmail": "540cea6c923a5bd9ba06d5250ec1168e",
            "createdAt": "2019-08-02 13:43:58",
            "commitHash": "84a2327eab1f416d9bdc5f915e4e542acf1cf6ed",
            "isMerge": false,
            "parents": [
                "7a427eed823efdf2c47b2bc43ec2a3f0219f6bc3"
            ],
            "changedFiles": [
                {
                    "fileName": "25d902c24283ab8cfbac54dfa101ad31/cdd9f992d2f35ea666ca71f337276156.py",
                    "language": "Python",
                    "insertions": 1,
                    "deletions": 1
                }
            ],
            "isDuplicated": false
        },
        {
            "authorName": "784a00e3c77c04c9a07b1464c41ded27",
            "authorEmail": "540cea6c923a5bd9ba06d5250ec1168e",
            "createdAt": "2019-07-28 19:32:46",
            "commitHash": "7a427eed823efdf2c47b2bc43ec2a3f0219f6bc3",
            "isMerge": false,
            "parents": [
                "b586b5d9ee4f56c0c7925b85d8c5307f07bd2bf8"
            ],
            "changedFiles": [
                {
                    "fileName": "a9e9e89a42dc53b7153eeb623bed100a.zip",
                    "language": "",
                    "insertions": 0,
                    "deletions": 0
                },
                {
                    "fileName": "b4851e92b19af0c5c82447fc0937709d.txt",
                    "language": "",
                    "insertions": 3,
                    "deletions": 1
                },
                {
                    "fileName": "25d902c24283ab8cfbac54dfa101ad31/cdd9f992d2f35ea666ca71f337276156.py",
                    "language": "Python",
                    "insertions": 21,
                    "deletions": 2
                },
                {
                    "fileName": "25d902c24283ab8cfbac54dfa101ad31/fad58de7366495db4650cfefac2fcd61.py",
                    "language": "Python",
                    "insertions": 2,
                    "deletions": 0
                },
                {
                    "fileName": "25d902c24283ab8cfbac54dfa101ad31/7d5c009e4eb8bbc78647caeca308e61b/478669c7fa549970e36eac591cdca62e.py",
                    "language": "Python",
                    "insertions": 34,
                    "deletions": 1
                },
                {
                    "fileName": "25d902c24283ab8cfbac54dfa101ad31/76ee3de97a1b8b903319b7c013d8c877.py",
                    "language": "Python",
                    "insertions": 29,
                    "deletions": 0
                }
            ],
            "isDuplicated": false
        },
        {
            "authorName": "22e8173f806cfa407c4a7acef9ebaf03",
            "authorEmail": "8348206855e2e23e3832481d65e1c3c4",
            "createdAt": "2019-07-11 12:46:02",
            "commitHash": "b586b5d9ee4f56c0c7925b85d8c5307f07bd2bf8",
            "isMerge": true,
            "parents": [
                "1bf82a5ec8ed5f5f152733b51ad075d3ffb3d30d",
                "fa31940964e31c2d1aa3cdfd302539e02f70f511"
            ],
            "changedFiles": [],
            "isDuplicated": true
        },
        {
            "authorName": "22e8173f806cfa407c4a7acef9ebaf03",
            "authorEmail": "8348206855e2e23e3832481d65e1c3c4",
            "createdAt": "2019-07-11 12:43:40",
            "commitHash": "1bf82a5ec8ed5f5f152733b51ad075d3ffb3d30d",
            "isMerge": true,
            "parents": [
                "2e5e2bc9642803373e06cf25537ec569a49fcc1d",
                "3b4f7918e6687fad55574bca8e30e9dbb0df256b"
            ],
            "changedFiles": [],
            "isDuplicated": true
        },
        {
            "authorName": "22e8173f806cfa407c4a7acef9ebaf03",
            "authorEmail": "8348206855e2e23e3832481d65e1c3c4",
            "createdAt": "2019-07-11 12:42:31",
            "commitHash": "2e5e2bc9642803373e06cf25537ec569a49fcc1d",
            "isMerge": true,
            "parents": [
                "45348173c5c8ffc002ec48c6183da8c54de125f0",
                "e13448a4e1ee09f56b027a2f3b31925643360954"
            ],
            "changedFiles": [],
            "isDuplicated": true
        },
        {
            "authorName": "fa20e926ccd1e69da76a9bb5caeb826b",
            "authorEmail": "373ffeff04c386969edac0edc2cf2628",
            "createdAt": "2019-07-08 14:20:22",
            "commitHash": "e13448a4e1ee09f56b027a2f3b31925643360954",
            "isMerge": false,
            "parents": [
                "180474eb25f854ca066834240fddbb032d38bdf5"
            ],
            "changedFiles": [
                {
                    "fileName": "25d902c24283ab8cfbac54dfa101ad31/f5e638cc78dd325906c1298a0c21fb6b/fffca4d67ea0a788813031b8bbc3b329.py",
                    "language": "Python",
                    "insertions": 2,
                    "deletions": 0
                }
            ],
            "isDuplicated": false
        },
        {
            "authorName": "fa20e926ccd1e69da76a9bb5caeb826b",
            "authorEmail": "373ffeff04c386969edac0edc2cf2628",
            "createdAt": "2019-07-08 13:56:53",
            "commitHash": "180474eb25f854ca066834240fddbb032d38bdf5",
            "isMerge": false,
            "parents": [
                "45348173c5c8ffc002ec48c6183da8c54de125f0"
            ],
            "changedFiles": [
                {
                    "fileName": "25d902c24283ab8cfbac54dfa101ad31/f5e638cc78dd325906c1298a0c21fb6b/fffca4d67ea0a788813031b8bbc3b329.py",
                    "language": "Python",
                    "insertions": 2,
                    "deletions": 0
                }
            ],
            "isDuplicated": false
        },
        {
            "authorName": "fafd82fd213a4f496eca6f926e872f87",
            "authorEmail": "1c33a788da11bf572500120fee7d17a6",
            "createdAt": "2019-07-06 18:01:50",
            "commitHash": "fa31940964e31c2d1aa3cdfd302539e02f70f511",
            "isMerge": false,
            "parents": [
                "45348173c5c8ffc002ec48c6183da8c54de125f0"
            ],
            "changedFiles": [
                {
                    "fileName": "a53108f7543b75adbb34afc035d4cdf6.bat",
                    "language": "",
                    "insertions": 2,
                    "deletions": 0
                }
            ],
            "isDuplicated": false
        },
        {
            "authorName": "f37b5fb97555c09389c90abaa81fea4e",
            "authorEmail": "ef1a0f00d57917768acdc5b379ca1b28",
            "createdAt": "2019-07-06 11:18:05",
            "commitHash": "3b4f7918e6687fad55574bca8e30e9dbb0df256b",
            "isMerge": false,
            "parents": [
                "b9edbf3e9154d05f66ad76a3a61368b7a331c95d"
            ],
            "changedFiles": [
                {
                    "fileName": "25d902c24283ab8cfbac54dfa101ad31/f5e638cc78dd325906c1298a0c21fb6b/fffca4d67ea0a788813031b8bbc3b329.py",
                    "language": "Python",
                    "insertions": 1,
                    "deletions": 3
                }
            ],
            "isDuplicated": false
        },
        {
            "authorName": "f37b5fb97555c09389c90abaa81fea4e",
            "authorEmail": "ef1a0f00d57917768acdc5b379ca1b28",
            "createdAt": "2019-07-05 10:32:34",
            "commitHash": "b9edbf3e9154d05f66ad76a3a61368b7a331c95d",
            "isMerge": false,
            "parents": [
                "45348173c5c8ffc002ec48c6183da8c54de125f0"
            ],
            "changedFiles": [
                {
                    "fileName": "25d902c24283ab8cfbac54dfa101ad31/f5e638cc78dd325906c1298a0c21fb6b/fffca4d67ea0a788813031b8bbc3b329.py",
                    "language": "Python",
                    "insertions": 5,
                    "deletions": 1
                }
            ],
            "isDuplicated": false
        },
        {
            "authorName": "22e8173f806cfa407c4a7acef9ebaf03",
            "authorEmail": "8348206855e2e23e3832481d65e1c3c4",
            "createdAt": "2019-07-04 22:18:06",
            "commitHash": "45348173c5c8ffc002ec48c6183da8c54de125f0",
            "isMerge": false,
            "parents": [
                "86f22b8fda7707dce149d7be54f5fdb8e5c42cc8"
            ],
            "changedFiles": [
                {
                    "fileName": "25d902c24283ab8cfbac54dfa101ad31/f5e638cc78dd325906c1298a0c21fb6b/fffca4d67ea0a788813031b8bbc3b329.py",
                    "language": "Python",
                    "insertions": 8,
                    "deletions": 6
                },
                {
                    "fileName": "25d902c24283ab8cfbac54dfa101ad31/f5e638cc78dd325906c1298a0c21fb6b/b3f2035551f6e48c67489ace9f588f94.py",
                    "language": "Python",
                    "insertions": 9,
                    "deletions": 3
                }
            ],
            "isDuplicated": false
        },
        {
            "authorName": "22e8173f806cfa407c4a7acef9ebaf03",
            "authorEmail": "8348206855e2e23e3832481d65e1c3c4",
            "createdAt": "2019-07-03 23:30:02",
            "commitHash": "86f22b8fda7707dce149d7be54f5fdb8e5c42cc8",
            "isMerge": true,
            "parents": [
                "0ed0248d11e635bd7a6ca6df5deec7a67a0e3d13",
                "4a76be80c509ae559373ea9342d586b23fd391c9"
            ],
            "changedFiles": [],
            "isDuplicated": true
        },
        {
            "authorName": "9fd9719e71bdff629586bd41315f3b12",
            "authorEmail": "c800710342bd3f29a12cffa2e30b71ba",
            "createdAt": "2019-07-01 23:19:27",
            "commitHash": "4a76be80c509ae559373ea9342d586b23fd391c9",
            "isMerge": false,
            "parents": [
                "0ed0248d11e635bd7a6ca6df5deec7a67a0e3d13"
            ],
            "changedFiles": [
                {
                    "fileName": "25d902c24283ab8cfbac54dfa101ad31/fad58de7366495db4650cfefac2fcd61.py",
                    "language": "Python",
                    "insertions": 27,
                    "deletions": 23
                }
            ],
            "isDuplicated": false
        },
        {
            "authorName": "22e8173f806cfa407c4a7acef9ebaf03",
            "authorEmail": "8348206855e2e23e3832481d65e1c3c4",
            "createdAt": "2019-06-05 09:22:23",
            "commitHash": "0ed0248d11e635bd7a6ca6df5deec7a67a0e3d13",
            "isMerge": true,
            "parents": [
                "bd23dd68988f60467a13c49695b24fcd3dfd18b8",
                "36329e1effe14fe7f73db5a732eeb9e7d3b2599e"
            ],
            "changedFiles": [],
            "isDuplicated": true
        },
        {
            "authorName": "b6f454eb33c2c64b35eff736c0162538",
            "authorEmail": "d459bd9c50f866a2c9cedb85b7db0b16",
            "createdAt": "2019-06-05 09:16:26",
            "commitHash": "36329e1effe14fe7f73db5a732eeb9e7d3b2599e",
            "isMerge": false,
            "parents": [
                "bd23dd68988f60467a13c49695b24fcd3dfd18b8"
            ],
            "changedFiles": [
                {
                    "fileName": "25d902c24283ab8cfbac54dfa101ad31/f5e638cc78dd325906c1298a0c21fb6b/b3f2035551f6e48c67489ace9f588f94.py",
                    "language": "Python",
                    "insertions": 4,
                    "deletions": 4
                }
            ],
            "isDuplicated": false
        },
        {
            "authorName": "6eadf57f4ee42dc8f2c3d6597d93bf3c",
            "authorEmail": "c8cc9aae4d6551afe46b107815bfb69b",
            "createdAt": "2019-06-04 14:53:32",
            "commitHash": "bd23dd68988f60467a13c49695b24fcd3dfd18b8",
            "isMerge": false,
            "parents": [
                "3c8c646ce5cca77088856ac3d0bfad6ae65c9f3b"
            ],
            "changedFiles": [
                {
                    "fileName": "c47c7c7383225ab55ff591cb59c41e6b.md",
                    "language": "",
                    "insertions": 18,
                    "deletions": 3
                }
            ],
            "isDuplicated": false
        },
        {
            "authorName": "22e8173f806cfa407c4a7acef9ebaf03",
            "authorEmail": "8348206855e2e23e3832481d65e1c3c4",
            "createdAt": "2019-06-04 14:04:28",
            "commitHash": "3c8c646ce5cca77088856ac3d0bfad6ae65c9f3b",
            "isMerge": false,
            "parents": [
                "d52bb71b9c87ae2ae7f85338f39908b2fcb763cb"
            ],
            "changedFiles": [
                {
                    "fileName": "b4851e92b19af0c5c82447fc0937709d.txt",
                    "language": "",
                    "insertions": 1,
                    "deletions": 23
                },
                {
                    "fileName": "25d902c24283ab8cfbac54dfa101ad31/6b888802fb55f288122c3e242fe0041e.py",
                    "language": "Python",
                    "insertions": 3,
                    "deletions": 2
                },
                {
                    "fileName": "25d902c24283ab8cfbac54dfa101ad31/f5e638cc78dd325906c1298a0c21fb6b/fffca4d67ea0a788813031b8bbc3b329.py",
                    "language": "Python",
                    "insertions": 10,
                    "deletions": 8
                },
                {
                    "fileName": "25d902c24283ab8cfbac54dfa101ad31/f5e638cc78dd325906c1298a0c21fb6b/abbafc62ebba43f8e0852bb24102b426.py",
                    "language": "Python",
                    "insertions": 4,
                    "deletions": 2
                },
                {
                    "fileName": "25d902c24283ab8cfbac54dfa101ad31/cdd9f992d2f35ea666ca71f337276156.py",
                    "language": "Python",
                    "insertions": 1,
                    "deletions": 2
                },
                {
                    "fileName": "25d902c24283ab8cfbac54dfa101ad31/fad58de7366495db4650cfefac2fcd61.py",
                    "language": "Python",
                    "insertions": 2,
                    "deletions": 1
                }
            ],
            "isDuplicated": false
        },
        {
            "authorName": "22e8173f806cfa407c4a7acef9ebaf03",
            "authorEmail": "8348206855e2e23e3832481d65e1c3c4",
            "createdAt": "2019-05-31 23:08:25",
            "commitHash": "d52bb71b9c87ae2ae7f85338f39908b2fcb763cb",
            "isMerge": false,
            "parents": [
                "a2d32f2123e90fa9c800d847d3e3eb4c164ed352"
            ],
            "changedFiles": [
                {
                    "fileName": "25d902c24283ab8cfbac54dfa101ad31/f5e638cc78dd325906c1298a0c21fb6b/fffca4d67ea0a788813031b8bbc3b329.py",
                    "language": "Python",
                    "insertions": 1,
                    "deletions": 1
                }
            ],
            "isDuplicated": false
        },
        {
            "authorName": "22e8173f806cfa407c4a7acef9ebaf03",
            "authorEmail": "8348206855e2e23e3832481d65e1c3c4",
            "createdAt": "2019-05-31 16:20:16",
            "commitHash": "a2d32f2123e90fa9c800d847d3e3eb4c164ed352",
            "isMerge": false,
            "parents": [
                "458ba9999e327a8d8be65819043a8049964bba17"
            ],
            "changedFiles": [
                {
                    "fileName": "19ad89bc3e3c9d7ef68b89523eff1987.bat",
                    "language": "",
                    "insertions": 1,
                    "deletions": 0
                },
                {
                    "fileName": "a53108f7543b75adbb34afc035d4cdf6.bat",
                    "language": "",
                    "insertions": 0,
                    "deletions": 1
                },
                {
                    "fileName": "25d902c24283ab8cfbac54dfa101ad31/6b888802fb55f288122c3e242fe0041e.py",
                    "language": "Python",
                    "insertions": 1,
                    "deletions": 3
                },
                {
                    "fileName": "25d902c24283ab8cfbac54dfa101ad31/fad58de7366495db4650cfefac2fcd61.py",
                    "language": "Python",
                    "insertions": 3,
                    "deletions": 3
                },
                {
                    "fileName": "25d902c24283ab8cfbac54dfa101ad31/7d5c009e4eb8bbc78647caeca308e61b/478669c7fa549970e36eac591cdca62e.py",
                    "language": "Python",
                    "insertions": 1,
                    "deletions": 1
                }
            ],
            "isDuplicated": false
        },
        {
            "authorName": "22e8173f806cfa407c4a7acef9ebaf03",
            "authorEmail": "8348206855e2e23e3832481d65e1c3c4",
            "createdAt": "2019-05-31 11:04:28",
            "commitHash": "458ba9999e327a8d8be65819043a8049964bba17",
            "isMerge": false,
            "parents": [
                "1ec93e2a3f1aeab055a69c96da9340fbd419ad02"
            ],
            "changedFiles": [
                {
                    "fileName": "25d902c24283ab8cfbac54dfa101ad31/cdd9f992d2f35ea666ca71f337276156.py",
                    "language": "Python",
                    "insertions": 2,
                    "deletions": 0
                }
            ],
            "isDuplicated": false
        },
        {
            "authorName": "22e8173f806cfa407c4a7acef9ebaf03",
            "authorEmail": "8348206855e2e23e3832481d65e1c3c4",
            "createdAt": "2019-05-31 11:03:18",
            "commitHash": "1ec93e2a3f1aeab055a69c96da9340fbd419ad02",
            "isMerge": false,
            "parents": [
                "212db729f047e956190d783b6ef772bbb5df74b9"
            ],
            "changedFiles": [
                {
                    "fileName": "25d902c24283ab8cfbac54dfa101ad31/cdd9f992d2f35ea666ca71f337276156.py",
                    "language": "Python",
                    "insertions": 8,
                    "deletions": 1
                }
            ],
            "isDuplicated": false
        },
        {
            "authorName": "22e8173f806cfa407c4a7acef9ebaf03",
            "authorEmail": "8348206855e2e23e3832481d65e1c3c4",
            "createdAt": "2019-05-30 13:16:27",
            "commitHash": "212db729f047e956190d783b6ef772bbb5df74b9",
            "isMerge": false,
            "parents": [
                "6a45658551f977f9585191b8c0f51a8139a1b166"
            ],
            "changedFiles": [
                {
                    "fileName": "25d902c24283ab8cfbac54dfa101ad31/2d91a8fedc4c2b4540f6c436d35e7d53.py",
                    "language": "Python",
                    "insertions": 0,
                    "deletions": 0
                }
            ],
            "isDuplicated": false
        },
        {
            "authorName": "22e8173f806cfa407c4a7acef9ebaf03",
            "authorEmail": "8348206855e2e23e3832481d65e1c3c4",
            "createdAt": "2019-05-29 18:05:44",
            "commitHash": "6a45658551f977f9585191b8c0f51a8139a1b166",
            "isMerge": false,
            "parents": [
                "c5d4eabd7a9a4f243c98ea17b09b2ad86d9a9622"
            ],
            "changedFiles": [
                {
                    "fileName": "b4851e92b19af0c5c82447fc0937709d.txt",
                    "language": "",
                    "insertions": 1,
                    "deletions": 3
                }
            ],
            "isDuplicated": false
        },
        {
            "authorName": "22e8173f806cfa407c4a7acef9ebaf03",
            "authorEmail": "8348206855e2e23e3832481d65e1c3c4",
            "createdAt": "2019-05-29 17:38:46",
            "commitHash": "c5d4eabd7a9a4f243c98ea17b09b2ad86d9a9622",
            "isMerge": false,
            "parents": [
                "e657821144a7059372fda825ac7869637e5a6335"
            ],
            "changedFiles": [
                {
                    "fileName": "25d902c24283ab8cfbac54dfa101ad31/f5e638cc78dd325906c1298a0c21fb6b/fffca4d67ea0a788813031b8bbc3b329.py",
                    "language": "Python",
                    "insertions": 34,
                    "deletions": 4
                }
            ],
            "isDuplicated": false
        },
        {
            "authorName": "22e8173f806cfa407c4a7acef9ebaf03",
            "authorEmail": "8348206855e2e23e3832481d65e1c3c4",
            "createdAt": "2019-05-29 17:20:39",
            "commitHash": "e657821144a7059372fda825ac7869637e5a6335",
            "isMerge": false,
            "parents": [
                "de519ccebbcc2f42e9885d2415a7cc59ba26858e"
            ],
            "changedFiles": [
                {
                    "fileName": "25d902c24283ab8cfbac54dfa101ad31/6b888802fb55f288122c3e242fe0041e.py",
                    "language": "Python",
                    "insertions": 26,
                    "deletions": 6
                },
                {
                    "fileName": "25d902c24283ab8cfbac54dfa101ad31/fad58de7366495db4650cfefac2fcd61.py",
                    "language": "Python",
                    "insertions": 2,
                    "deletions": 1
                },
                {
                    "fileName": "25d902c24283ab8cfbac54dfa101ad31/7d5c009e4eb8bbc78647caeca308e61b/3c709b10a5d47ba33d85337dd9110917.py",
                    "language": "Python",
                    "insertions": 31,
                    "deletions": 0
                }
            ],
            "isDuplicated": false
        },
        {
            "authorName": "22e8173f806cfa407c4a7acef9ebaf03",
            "authorEmail": "8348206855e2e23e3832481d65e1c3c4",
            "createdAt": "2019-05-29 16:21:00",
            "commitHash": "de519ccebbcc2f42e9885d2415a7cc59ba26858e",
            "isMerge": false,
            "parents": [
                "88dd16c22519594ffadbc499d13e430150287ee4"
            ],
            "changedFiles": [
                {
                    "fileName": "25d902c24283ab8cfbac54dfa101ad31/6b888802fb55f288122c3e242fe0041e.py",
                    "language": "Python",
                    "insertions": 27,
                    "deletions": 9
                },
                {
                    "fileName": "25d902c24283ab8cfbac54dfa101ad31/f5e638cc78dd325906c1298a0c21fb6b/fffca4d67ea0a788813031b8bbc3b329.py",
                    "language": "Python",
                    "insertions": 0,
                    "deletions": 2
                }
            ],
            "isDuplicated": false
        },
        {
            "authorName": "22e8173f806cfa407c4a7acef9ebaf03",
            "authorEmail": "8348206855e2e23e3832481d65e1c3c4",
            "createdAt": "2019-05-29 09:21:39",
            "commitHash": "88dd16c22519594ffadbc499d13e430150287ee4",
            "isMerge": false,
            "parents": [
                "931a931bfc8a1768030a3cced336d686211a339c"
            ],
            "changedFiles": [
                {
                    "fileName": "25d902c24283ab8cfbac54dfa101ad31/6b888802fb55f288122c3e242fe0041e.py",
                    "language": "Python",
                    "insertions": 11,
                    "deletions": 2
                },
                {
                    "fileName": "25d902c24283ab8cfbac54dfa101ad31/f5e638cc78dd325906c1298a0c21fb6b/fffca4d67ea0a788813031b8bbc3b329.py",
                    "language": "Python",
                    "insertions": 7,
                    "deletions": 3
                },
                {
                    "fileName": "25d902c24283ab8cfbac54dfa101ad31/fad58de7366495db4650cfefac2fcd61.py",
                    "language": "Python",
                    "insertions": 1,
                    "deletions": 2
                }
            ],
            "isDuplicated": false
        },
        {
            "authorName": "22e8173f806cfa407c4a7acef9ebaf03",
            "authorEmail": "8348206855e2e23e3832481d65e1c3c4",
            "createdAt": "2019-05-24 16:50:28",
            "commitHash": "931a931bfc8a1768030a3cced336d686211a339c",
            "isMerge": true,
            "parents": [
                "4d7ffcefb4e962ed60872d99c52543c713371a54",
                "c9fe369dc9e09bb836933d073b9e081a1b1bbd2d"
            ],
            "changedFiles": [],
            "isDuplicated": true
        },
        {
            "authorName": "22e8173f806cfa407c4a7acef9ebaf03",
            "authorEmail": "8348206855e2e23e3832481d65e1c3c4",
            "createdAt": "2019-05-24 16:49:37",
            "commitHash": "4d7ffcefb4e962ed60872d99c52543c713371a54",
            "isMerge": false,
            "parents": [
                "eab7f08e57ac94f70567a5d4f0a7b0639e6ddfb8"
            ],
            "changedFiles": [
                {
                    "fileName": "25d902c24283ab8cfbac54dfa101ad31/6b888802fb55f288122c3e242fe0041e.py",
                    "language": "Python",
                    "insertions": 1,
                    "deletions": 1
                }
            ],
            "isDuplicated": false
        },
        {
            "authorName": "22e8173f806cfa407c4a7acef9ebaf03",
            "authorEmail": "8348206855e2e23e3832481d65e1c3c4",
            "createdAt": "2019-05-24 16:15:34",
            "commitHash": "c9fe369dc9e09bb836933d073b9e081a1b1bbd2d",
            "isMerge": false,
            "parents": [
                "eab7f08e57ac94f70567a5d4f0a7b0639e6ddfb8"
            ],
            "changedFiles": [
                {
                    "fileName": "c47c7c7383225ab55ff591cb59c41e6b.md",
                    "language": "",
                    "insertions": 20,
                    "deletions": 0
                }
            ],
            "isDuplicated": false
        },
        {
            "authorName": "22e8173f806cfa407c4a7acef9ebaf03",
            "authorEmail": "8348206855e2e23e3832481d65e1c3c4",
            "createdAt": "2019-05-24 16:09:14",
            "commitHash": "eab7f08e57ac94f70567a5d4f0a7b0639e6ddfb8",
            "isMerge": false,
            "parents": [
                "923d16906347f4a3810ba1da75c9674ab75c335f"
            ],
            "changedFiles": [
                {
                    "fileName": "9879d6db96fd29134fc802214163b95a",
                    "language": "",
                    "insertions": 21,
                    "deletions": 0
                }
            ],
            "isDuplicated": false
        },
        {
            "authorName": "22e8173f806cfa407c4a7acef9ebaf03",
            "authorEmail": "8348206855e2e23e3832481d65e1c3c4",
            "createdAt": "2019-05-24 15:55:51",
            "commitHash": "923d16906347f4a3810ba1da75c9674ab75c335f",
            "isMerge": false,
            "parents": [
                "cab35790d453e9f8fa0abbcfe69130cb3190c0ed"
            ],
            "changedFiles": [
                {
                    "fileName": "19ad89bc3e3c9d7ef68b89523eff1987.bat",
                    "language": "",
                    "insertions": 0,
                    "deletions": 0
                },
                {
                    "fileName": "19ad89bc3e3c9d7ef68b89523eff1987.sh",
                    "language": "Shell",
                    "insertions": 3,
                    "deletions": 0
                },
                {
                    "fileName": "b4851e92b19af0c5c82447fc0937709d.txt",
                    "language": "",
                    "insertions": 27,
                    "deletions": 0
                },
                {
                    "fileName": "a53108f7543b75adbb34afc035d4cdf6.bat",
                    "language": "",
                    "insertions": 1,
                    "deletions": 0
                },
                {
                    "fileName": "a53108f7543b75adbb34afc035d4cdf6.sh",
                    "language": "Shell",
                    "insertions": 3,
                    "deletions": 0
                },
                {
                    "fileName": "25d902c24283ab8cfbac54dfa101ad31/6b888802fb55f288122c3e242fe0041e.py",
                    "language": "Python",
                    "insertions": 2,
                    "deletions": 2
                },
                {
                    "fileName": "25d902c24283ab8cfbac54dfa101ad31/f5e638cc78dd325906c1298a0c21fb6b/fffca4d67ea0a788813031b8bbc3b329.py",
                    "language": "Python",
                    "insertions": 4,
                    "deletions": 4
                },
                {
                    "fileName": "25d902c24283ab8cfbac54dfa101ad31/f5e638cc78dd325906c1298a0c21fb6b/abbafc62ebba43f8e0852bb24102b426.py",
                    "language": "Python",
                    "insertions": 4,
                    "deletions": 4
                },
                {
                    "fileName": "25d902c24283ab8cfbac54dfa101ad31/f5e638cc78dd325906c1298a0c21fb6b/b3f2035551f6e48c67489ace9f588f94.py",
                    "language": "Python",
                    "insertions": 4,
                    "deletions": 4
                }
            ],
            "isDuplicated": false
        },
        {
            "authorName": "22e8173f806cfa407c4a7acef9ebaf03",
            "authorEmail": "8348206855e2e23e3832481d65e1c3c4",
            "createdAt": "2019-05-24 14:43:02",
            "commitHash": "cab35790d453e9f8fa0abbcfe69130cb3190c0ed",
            "isMerge": false,
            "parents": [
                "ae39279ce8002967269328e1d956b9806b043cd9"
            ],
            "changedFiles": [
                {
                    "fileName": "25d902c24283ab8cfbac54dfa101ad31/6b888802fb55f288122c3e242fe0041e.py",
                    "language": "Python",
                    "insertions": 1,
                    "deletions": 1
                },
                {
                    "fileName": "25d902c24283ab8cfbac54dfa101ad31/f5e638cc78dd325906c1298a0c21fb6b/fffca4d67ea0a788813031b8bbc3b329.py",
                    "language": "Python",
                    "insertions": 2,
                    "deletions": 0
                },
                {
                    "fileName": "25d902c24283ab8cfbac54dfa101ad31/f5e638cc78dd325906c1298a0c21fb6b/b3f2035551f6e48c67489ace9f588f94.py",
                    "language": "Python",
                    "insertions": 9,
                    "deletions": 2
                },
                {
                    "fileName": "25d902c24283ab8cfbac54dfa101ad31/fad58de7366495db4650cfefac2fcd61.py",
                    "language": "Python",
                    "insertions": 7,
                    "deletions": 3
                },
                {
                    "fileName": "25d902c24283ab8cfbac54dfa101ad31/7d5c009e4eb8bbc78647caeca308e61b/a81e0556fa8cca22eee62b537cf9f363.py}",
                    "language": "",
                    "insertions": 18,
                    "deletions": 0
                }
            ],
            "isDuplicated": false
        },
        {
            "authorName": "22e8173f806cfa407c4a7acef9ebaf03",
            "authorEmail": "8348206855e2e23e3832481d65e1c3c4",
            "createdAt": "2019-05-24 13:44:21",
            "commitHash": "ae39279ce8002967269328e1d956b9806b043cd9",
            "isMerge": false,
            "parents": [
                "2d7c38a5885f15faac91fae1858aa4bebde9a7e0"
            ],
            "changedFiles": [
                {
                    "fileName": "25d902c24283ab8cfbac54dfa101ad31/f5e638cc78dd325906c1298a0c21fb6b/b3f2035551f6e48c67489ace9f588f94.py",
                    "language": "Python",
                    "insertions": 11,
                    "deletions": 6
                },
                {
                    "fileName": "25d902c24283ab8cfbac54dfa101ad31/fad58de7366495db4650cfefac2fcd61.py",
                    "language": "Python",
                    "insertions": 8,
                    "deletions": 0
                },
                {
                    "fileName": "25d902c24283ab8cfbac54dfa101ad31/7d5c009e4eb8bbc78647caeca308e61b/2eacefd9a69c9d858e68ad3e94691bf9.py",
                    "language": "Python",
                    "insertions": 0,
                    "deletions": 0
                },
                {
                    "fileName": "25d902c24283ab8cfbac54dfa101ad31/7d5c009e4eb8bbc78647caeca308e61b/c7415302766d102b47dac9146abf1276.py",
                    "language": "Python",
                    "insertions": 21,
                    "deletions": 0
                }
            ],
            "isDuplicated": false
        },
        {
            "authorName": "22e8173f806cfa407c4a7acef9ebaf03",
            "authorEmail": "8348206855e2e23e3832481d65e1c3c4",
            "createdAt": "2019-05-24 12:00:04",
            "commitHash": "2d7c38a5885f15faac91fae1858aa4bebde9a7e0",
            "isMerge": false,
            "parents": [
                "2a10f9bd69983ceeff703a53d88ade993456151f"
            ],
            "changedFiles": [
                {
                    "fileName": "25d902c24283ab8cfbac54dfa101ad31/f5e638cc78dd325906c1298a0c21fb6b/fffca4d67ea0a788813031b8bbc3b329.py",
                    "language": "Python",
                    "insertions": 14,
                    "deletions": 2
                },
                {
                    "fileName": "25d902c24283ab8cfbac54dfa101ad31/f5e638cc78dd325906c1298a0c21fb6b/abbafc62ebba43f8e0852bb24102b426.py",
                    "language": "Python",
                    "insertions": 9,
                    "deletions": 4
                },
                {
                    "fileName": "25d902c24283ab8cfbac54dfa101ad31/f5e638cc78dd325906c1298a0c21fb6b/b3f2035551f6e48c67489ace9f588f94.py",
                    "language": "Python",
                    "insertions": 12,
                    "deletions": 0
                }
            ],
            "isDuplicated": false
        },
        {
            "authorName": "22e8173f806cfa407c4a7acef9ebaf03",
            "authorEmail": "8348206855e2e23e3832481d65e1c3c4",
            "createdAt": "2019-05-24 11:02:03",
            "commitHash": "2a10f9bd69983ceeff703a53d88ade993456151f",
            "isMerge": false,
            "parents": [
                "c23cf4b9effa05d3951bcf9e1d9e67abac6f888c"
            ],
            "changedFiles": [
                {
                    "fileName": "25d902c24283ab8cfbac54dfa101ad31/6b888802fb55f288122c3e242fe0041e.py",
                    "language": "Python",
                    "insertions": 7,
                    "deletions": 3
                },
                {
                    "fileName": "25d902c24283ab8cfbac54dfa101ad31/f5e638cc78dd325906c1298a0c21fb6b/fffca4d67ea0a788813031b8bbc3b329.py",
                    "language": "Python",
                    "insertions": 1,
                    "deletions": 1
                },
                {
                    "fileName": "25d902c24283ab8cfbac54dfa101ad31/f5e638cc78dd325906c1298a0c21fb6b/b3f2035551f6e48c67489ace9f588f94.py",
                    "language": "Python",
                    "insertions": 23,
                    "deletions": 5
                },
                {
                    "fileName": "25d902c24283ab8cfbac54dfa101ad31/fad58de7366495db4650cfefac2fcd61.py",
                    "language": "Python",
                    "insertions": 5,
                    "deletions": 48
                }
            ],
            "isDuplicated": false
        },
        {
            "authorName": "22e8173f806cfa407c4a7acef9ebaf03",
            "authorEmail": "8348206855e2e23e3832481d65e1c3c4",
            "createdAt": "2019-05-24 10:29:54",
            "commitHash": "c23cf4b9effa05d3951bcf9e1d9e67abac6f888c",
            "isMerge": false,
            "parents": [
                "120b3e7ba7664af7606a82c837f1f24edaadd47d"
            ],
            "changedFiles": [
                {
                    "fileName": "25d902c24283ab8cfbac54dfa101ad31/6b888802fb55f288122c3e242fe0041e.py",
                    "language": "Python",
                    "insertions": 39,
                    "deletions": 0
                }
            ],
            "isDuplicated": false
        },
        {
            "authorName": "22e8173f806cfa407c4a7acef9ebaf03",
            "authorEmail": "8348206855e2e23e3832481d65e1c3c4",
            "createdAt": "2019-05-24 09:41:20",
            "commitHash": "120b3e7ba7664af7606a82c837f1f24edaadd47d",
            "isMerge": false,
            "parents": [
                "ddd88cb7903b4147cd4aaf2e66b7f758132ca430"
            ],
            "changedFiles": [
                {
                    "fileName": "25d902c24283ab8cfbac54dfa101ad31/cdd9f992d2f35ea666ca71f337276156.py",
                    "language": "Python",
                    "insertions": 10,
                    "deletions": 0
                },
                {
                    "fileName": "25d902c24283ab8cfbac54dfa101ad31/fad58de7366495db4650cfefac2fcd61.py",
                    "language": "Python",
                    "insertions": 5,
                    "deletions": 3
                }
            ],
            "isDuplicated": false
        },
        {
            "authorName": "22e8173f806cfa407c4a7acef9ebaf03",
            "authorEmail": "8348206855e2e23e3832481d65e1c3c4",
            "createdAt": "2019-05-23 16:49:34",
            "commitHash": "ddd88cb7903b4147cd4aaf2e66b7f758132ca430",
            "isMerge": false,
            "parents": [
                "22fdfdef1b00c6636acbd5570c670eab0313830a"
            ],
            "changedFiles": [
                {
                    "fileName": "25d902c24283ab8cfbac54dfa101ad31/f5e638cc78dd325906c1298a0c21fb6b/fffca4d67ea0a788813031b8bbc3b329.py",
                    "language": "Python",
                    "insertions": 3,
                    "deletions": 1
                },
                {
                    "fileName": "25d902c24283ab8cfbac54dfa101ad31/fad58de7366495db4650cfefac2fcd61.py",
                    "language": "Python",
                    "insertions": 12,
                    "deletions": 0
                }
            ],
            "isDuplicated": false
        },
        {
            "authorName": "22e8173f806cfa407c4a7acef9ebaf03",
            "authorEmail": "8348206855e2e23e3832481d65e1c3c4",
            "createdAt": "2019-05-23 16:30:53",
            "commitHash": "22fdfdef1b00c6636acbd5570c670eab0313830a",
            "isMerge": false,
            "parents": [
                "aaddbda4ff8f8bb33057a9780eae94b5589f180e"
            ],
            "changedFiles": [
                {
                    "fileName": "25d902c24283ab8cfbac54dfa101ad31/f5e638cc78dd325906c1298a0c21fb6b/abbafc62ebba43f8e0852bb24102b426.py",
                    "language": "Python",
                    "insertions": 1,
                    "deletions": 2
                }
            ],
            "isDuplicated": false
        },
        {
            "authorName": "22e8173f806cfa407c4a7acef9ebaf03",
            "authorEmail": "8348206855e2e23e3832481d65e1c3c4",
            "createdAt": "2019-05-23 16:30:21",
            "commitHash": "aaddbda4ff8f8bb33057a9780eae94b5589f180e",
            "isMerge": false,
            "parents": [
                "edb6edd25518653e6ee999b4e3a47219d861791a"
            ],
            "changedFiles": [
                {
                    "fileName": "25d902c24283ab8cfbac54dfa101ad31/f5e638cc78dd325906c1298a0c21fb6b/abbafc62ebba43f8e0852bb24102b426.py",
                    "language": "Python",
                    "insertions": 34,
                    "deletions": 0
                },
                {
                    "fileName": "25d902c24283ab8cfbac54dfa101ad31/fad58de7366495db4650cfefac2fcd61.py",
                    "language": "Python",
                    "insertions": 5,
                    "deletions": 4
                }
            ],
            "isDuplicated": false
        },
        {
            "authorName": "22e8173f806cfa407c4a7acef9ebaf03",
            "authorEmail": "8348206855e2e23e3832481d65e1c3c4",
            "createdAt": "2019-05-22 17:43:43",
            "commitHash": "edb6edd25518653e6ee999b4e3a47219d861791a",
            "isMerge": false,
            "parents": [
                "5c3cf57d65671074a0a39afa13872ecc47d0c14a"
            ],
            "changedFiles": [
                {
                    "fileName": "25d902c24283ab8cfbac54dfa101ad31/fad58de7366495db4650cfefac2fcd61.py",
                    "language": "Python",
                    "insertions": 3,
                    "deletions": 2
                }
            ],
            "isDuplicated": false
        },
        {
            "authorName": "22e8173f806cfa407c4a7acef9ebaf03",
            "authorEmail": "8348206855e2e23e3832481d65e1c3c4",
            "createdAt": "2019-05-22 17:34:33",
            "commitHash": "5c3cf57d65671074a0a39afa13872ecc47d0c14a",
            "isMerge": false,
            "parents": [
                "2c0275e5a2471c775db73152c9935ce1adc41f00"
            ],
            "changedFiles": [
                {
                    "fileName": "d41d8cd98f00b204e9800998ecf8427e.gitignore",
                    "language": "",
                    "insertions": 2,
                    "deletions": 1
                },
                {
                    "fileName": "25d902c24283ab8cfbac54dfa101ad31/2d91a8fedc4c2b4540f6c436d35e7d53.py",
                    "language": "Python",
                    "insertions": 0,
                    "deletions": 0
                },
                {
                    "fileName": "25d902c24283ab8cfbac54dfa101ad31/f5e638cc78dd325906c1298a0c21fb6b/2eacefd9a69c9d858e68ad3e94691bf9.py",
                    "language": "Python",
                    "insertions": 0,
                    "deletions": 0
                },
                {
                    "fileName": "25d902c24283ab8cfbac54dfa101ad31/f5e638cc78dd325906c1298a0c21fb6b/fffca4d67ea0a788813031b8bbc3b329.py",
                    "language": "Python",
                    "insertions": 69,
                    "deletions": 0
                },
                {
                    "fileName": "25d902c24283ab8cfbac54dfa101ad31/f5e638cc78dd325906c1298a0c21fb6b/abbafc62ebba43f8e0852bb24102b426.py",
                    "language": "Python",
                    "insertions": 14,
                    "deletions": 0
                },
                {
                    "fileName": "25d902c24283ab8cfbac54dfa101ad31/f5e638cc78dd325906c1298a0c21fb6b/b3f2035551f6e48c67489ace9f588f94.py",
                    "language": "Python",
                    "insertions": 25,
                    "deletions": 0
                },
                {
                    "fileName": "25d902c24283ab8cfbac54dfa101ad31/fad58de7366495db4650cfefac2fcd61.py",
                    "language": "Python",
                    "insertions": 38,
                    "deletions": 17
                }
            ],
            "isDuplicated": false
        },
        {
            "authorName": "22e8173f806cfa407c4a7acef9ebaf03",
            "authorEmail": "8348206855e2e23e3832481d65e1c3c4",
            "createdAt": "2019-05-22 11:04:03",
            "commitHash": "2c0275e5a2471c775db73152c9935ce1adc41f00",
            "isMerge": false,
            "parents": [],
            "changedFiles": [
                {
                    "fileName": "d41d8cd98f00b204e9800998ecf8427e.gitignore",
                    "language": "",
                    "insertions": 1,
                    "deletions": 0
                },
                {
                    "fileName": "25d902c24283ab8cfbac54dfa101ad31/fad58de7366495db4650cfefac2fcd61.py",
                    "language": "Python",
                    "insertions": 28,
                    "deletions": 0
                }
            ],
            "isDuplicated": false
        },
        {
            "authorName": "22e8173f806cfa407c4a7acef9ebaf03",
            "authorEmail": "8348206855e2e23e3832481d65e1c3c4",
            "createdAt": "2019-08-15 15:58:03",
            "commitHash": "645615fca285285c392c8005fa94a589ed1c4b73",
            "isMerge": false,
            "parents": [
                "21027e0ebaf0a7f7f6a86d0a8460ecdc15a71c75"
            ],
            "changedFiles": [
                {
                    "fileName": "c47c7c7383225ab55ff591cb59c41e6b.md",
                    "language": "",
                    "insertions": 0,
                    "deletions": 5
                }
            ],
            "isDuplicated": false
        },
        {
            "authorName": "22e8173f806cfa407c4a7acef9ebaf03",
            "authorEmail": "8348206855e2e23e3832481d65e1c3c4",
            "createdAt": "2019-08-15 15:34:09",
            "commitHash": "21027e0ebaf0a7f7f6a86d0a8460ecdc15a71c75",
            "isMerge": false,
            "parents": [
                "04a1f3eceb4d17ab563497a8ffc780352154e5f9"
            ],
            "changedFiles": [
                {
                    "fileName": "c47c7c7383225ab55ff591cb59c41e6b.md",
                    "language": "",
                    "insertions": 1,
                    "deletions": 1
                }
            ],
            "isDuplicated": false
        },
        {
            "authorName": "22e8173f806cfa407c4a7acef9ebaf03",
            "authorEmail": "8348206855e2e23e3832481d65e1c3c4",
            "createdAt": "2019-08-15 15:25:29",
            "commitHash": "04a1f3eceb4d17ab563497a8ffc780352154e5f9",
            "isMerge": false,
            "parents": [
                "18c7db76267ea025b0254659de96c6282dc71314"
            ],
            "changedFiles": [
                {
                    "fileName": "a9e9e89a42dc53b7153eeb623bed100a.zip",
                    "language": "",
                    "insertions": 0,
                    "deletions": 0
                },
                {
                    "fileName": "25d902c24283ab8cfbac54dfa101ad31/f5e638cc78dd325906c1298a0c21fb6b/fffca4d67ea0a788813031b8bbc3b329.py",
                    "language": "Python",
                    "insertions": 11,
                    "deletions": 10
                }
            ],
            "isDuplicated": false
        },
        {
            "authorName": "660a7ff6914fcfa8907160cb2f4493be",
            "authorEmail": "810cf5065e96bde212b050c3c12b61de",
            "createdAt": "2019-08-15 15:19:39",
            "commitHash": "18c7db76267ea025b0254659de96c6282dc71314",
            "isMerge": false,
            "parents": [
                "6f990ef8f652f0e78e4647a967475662fd32abcb"
            ],
            "changedFiles": [
                {
                    "fileName": "25d902c24283ab8cfbac54dfa101ad31/f5e638cc78dd325906c1298a0c21fb6b/fffca4d67ea0a788813031b8bbc3b329.py",
                    "language": "Python",
                    "insertions": 2,
                    "deletions": 0
                }
            ],
            "isDuplicated": false
        },
        {
            "authorName": "22e8173f806cfa407c4a7acef9ebaf03",
            "authorEmail": "8348206855e2e23e3832481d65e1c3c4",
            "createdAt": "2019-08-12 16:04:49",
            "commitHash": "6f990ef8f652f0e78e4647a967475662fd32abcb",
            "isMerge": false,
            "parents": [
                "956275f02080f20e10f5b1b9b8f4437d0ce4ad97"
            ],
            "changedFiles": [
                {
                    "fileName": "c47c7c7383225ab55ff591cb59c41e6b.md",
                    "language": "",
                    "insertions": 2,
                    "deletions": 2
                }
            ],
            "isDuplicated": false
        },
        {
            "authorName": "5da5978232f32da4fcf66dc4d1c0685b",
            "authorEmail": "dc52f0869082ec48137042da880f7065",
            "createdAt": "2019-08-12 15:59:49",
            "commitHash": "956275f02080f20e10f5b1b9b8f4437d0ce4ad97",
            "isMerge": false,
            "parents": [
                "3c47e35d52b95a4a6730c1df3f2f55c8da1a5cf1"
            ],
            "changedFiles": [
                {
                    "fileName": "c47c7c7383225ab55ff591cb59c41e6b.md",
                    "language": "",
                    "insertions": 1,
                    "deletions": 0
                }
            ],
            "isDuplicated": false
        },
        {
            "authorName": "22e8173f806cfa407c4a7acef9ebaf03",
            "authorEmail": "8348206855e2e23e3832481d65e1c3c4",
            "createdAt": "2019-08-08 22:31:17",
            "commitHash": "3c47e35d52b95a4a6730c1df3f2f55c8da1a5cf1",
            "isMerge": false,
            "parents": [
                "a5e68e71ad62c36a59e914b7735ea7ad0ee039e2"
            ],
            "changedFiles": [
                {
                    "fileName": "a9e9e89a42dc53b7153eeb623bed100a.zip",
                    "language": "",
                    "insertions": 0,
                    "deletions": 0
                },
                {
                    "fileName": "25d902c24283ab8cfbac54dfa101ad31/7d5c009e4eb8bbc78647caeca308e61b/478669c7fa549970e36eac591cdca62e.py",
                    "language": "Python",
                    "insertions": 1,
                    "deletions": 1
                }
            ],
            "isDuplicated": false
        },
        {
            "authorName": "22e8173f806cfa407c4a7acef9ebaf03",
            "authorEmail": "8348206855e2e23e3832481d65e1c3c4",
            "createdAt": "2019-08-08 22:13:33",
            "commitHash": "a5e68e71ad62c36a59e914b7735ea7ad0ee039e2",
            "isMerge": false,
            "parents": [
                "46799bba7294e555807f9042024c2abe7fe1cacd"
            ],
            "changedFiles": [
                {
                    "fileName": "a9e9e89a42dc53b7153eeb623bed100a.zip",
                    "language": "",
                    "insertions": 0,
                    "deletions": 0
                },
                {
                    "fileName": "25d902c24283ab8cfbac54dfa101ad31/7d5c009e4eb8bbc78647caeca308e61b/478669c7fa549970e36eac591cdca62e.py",
                    "language": "Python",
                    "insertions": 27,
                    "deletions": 27
                },
                {
                    "fileName": "25d902c24283ab8cfbac54dfa101ad31/76ee3de97a1b8b903319b7c013d8c877.py",
                    "language": "Python",
                    "insertions": 19,
                    "deletions": 19
                }
            ],
            "isDuplicated": false
        },
        {
            "authorName": "784a00e3c77c04c9a07b1464c41ded27",
            "authorEmail": "540cea6c923a5bd9ba06d5250ec1168e",
            "createdAt": "2019-08-05 16:47:00",
            "commitHash": "46799bba7294e555807f9042024c2abe7fe1cacd",
            "isMerge": true,
            "parents": [
                "7a427eed823efdf2c47b2bc43ec2a3f0219f6bc3",
                "92685c91e3c44787482f6a8747c9c06e324943f1"
            ],
            "changedFiles": [],
            "isDuplicated": true
        },
        {
            "authorName": "22e8173f806cfa407c4a7acef9ebaf03",
            "authorEmail": "8348206855e2e23e3832481d65e1c3c4",
            "createdAt": "2019-08-05 13:23:47",
            "commitHash": "92685c91e3c44787482f6a8747c9c06e324943f1",
            "isMerge": false,
            "parents": [
                "a3f9ff707749bce940ef76d376d412c4b1fb48cd"
            ],
            "changedFiles": [
                {
                    "fileName": "c47c7c7383225ab55ff591cb59c41e6b.md",
                    "language": "",
                    "insertions": 0,
                    "deletions": 1
                }
            ],
            "isDuplicated": false
        },
        {
            "authorName": "f68d1a67db5d5b82f95b2fac89cb20c3",
            "authorEmail": "470b43443ad146dd8324730e75fa4ee5",
            "createdAt": "2019-08-05 13:22:54",
            "commitHash": "a3f9ff707749bce940ef76d376d412c4b1fb48cd",
            "isMerge": false,
            "parents": [
                "515c39734394862f26e8eba0685a74127cc32bbf"
            ],
            "changedFiles": [
                {
                    "fileName": "a9e9e89a42dc53b7153eeb623bed100a.zip",
                    "language": "",
                    "insertions": 0,
                    "deletions": 0
                },
                {
                    "fileName": "b4851e92b19af0c5c82447fc0937709d.txt",
                    "language": "",
                    "insertions": 3,
                    "deletions": 1
                },
                {
                    "fileName": "25d902c24283ab8cfbac54dfa101ad31/cdd9f992d2f35ea666ca71f337276156.py",
                    "language": "Python",
                    "insertions": 19,
                    "deletions": 2
                },
                {
                    "fileName": "25d902c24283ab8cfbac54dfa101ad31/fad58de7366495db4650cfefac2fcd61.py",
                    "language": "Python",
                    "insertions": 2,
                    "deletions": 0
                },
                {
                    "fileName": "25d902c24283ab8cfbac54dfa101ad31/7d5c009e4eb8bbc78647caeca308e61b/478669c7fa549970e36eac591cdca62e.py",
                    "language": "Python",
                    "insertions": 34,
                    "deletions": 1
                },
                {
                    "fileName": "25d902c24283ab8cfbac54dfa101ad31/76ee3de97a1b8b903319b7c013d8c877.py",
                    "language": "Python",
                    "insertions": 29,
                    "deletions": 0
                }
            ],
            "isDuplicated": false
        },
        {
            "authorName": "22e8173f806cfa407c4a7acef9ebaf03",
            "authorEmail": "8348206855e2e23e3832481d65e1c3c4",
            "createdAt": "2019-08-03 13:06:31",
            "commitHash": "515c39734394862f26e8eba0685a74127cc32bbf",
            "isMerge": true,
            "parents": [
                "90e2d1b0876cf0ad647c07b2336ec3570aac5b37",
                "73882dd2763faa3e7318f5e4f2580041dbe75fac"
            ],
            "changedFiles": [],
            "isDuplicated": true
        },
        {
            "authorName": "505171b07cf72f3f555d912e49dd17dd",
            "authorEmail": "108666a4681bdb062d549de20076830d",
            "createdAt": "2019-08-02 22:10:38",
            "commitHash": "73882dd2763faa3e7318f5e4f2580041dbe75fac",
            "isMerge": false,
            "parents": [
                "90e2d1b0876cf0ad647c07b2336ec3570aac5b37"
            ],
            "changedFiles": [
                {
                    "fileName": "c47c7c7383225ab55ff591cb59c41e6b.md",
                    "language": "",
                    "insertions": 7,
                    "deletions": 7
                }
            ],
            "isDuplicated": false
        },
        {
            "authorName": "22e8173f806cfa407c4a7acef9ebaf03",
            "authorEmail": "8348206855e2e23e3832481d65e1c3c4",
            "createdAt": "2019-08-01 12:54:34",
            "commitHash": "90e2d1b0876cf0ad647c07b2336ec3570aac5b37",
            "isMerge": false,
            "parents": [
                "b586b5d9ee4f56c0c7925b85d8c5307f07bd2bf8"
            ],
            "changedFiles": [
                {
                    "fileName": "c47c7c7383225ab55ff591cb59c41e6b.md",
                    "language": "",
                    "insertions": 14,
                    "deletions": 1
                }
            ],
            "isDuplicated": false
        }
    ]
}